[2026-06-01 22:31:02.677] [info]                     Requesting single instance lock... Got lock: true
[2026-06-01 22:31:02.681] [info]                     Single instance lock acquired successfully
[2026-06-01 22:31:02.696] [info]  (AppController)    AppController initialized
[2026-06-01 22:31:02.696] [info]  (AppController)    Initializing app event handlers in AppController
[2026-06-01 22:31:02.697] [info]  (TabManager)       TabManager initialized
[2026-06-01 22:31:02.697] [info]  (AppController)    TabManager initialized
[2026-06-01 22:31:02.780] [info]  (AppController)    Electron app is ready via AppController
[2026-06-01 22:31:02.781] [info]  (AppController)    AppController: creating new window with id: 0085ed9c-533a-46ca-8666-ea9369d4bbb0 {}
[2026-06-01 22:31:02.782] [info]  (WindowController) WindowController initialized for windowId: 0085ed9c-533a-46ca-8666-ea9369d4bbb0 (useNativeFrame=false)
[2026-06-01 22:31:02.782] [info]  (WindowController) Initializing window: 0085ed9c-533a-46ca-8666-ea9369d4bbb0
[2026-06-01 22:31:02.830] [info]  (WindowController) BrowserWindow created for 0085ed9c-533a-46ca-8666-ea9369d4bbb0
[2026-06-01 22:31:02.847] [info]  (WindowController) [SpellCheck] Setting spell checker languages: ["en-US"]
[2026-06-01 22:31:02.847] [info]  (WindowController) [SpellCheck] setSpellCheckerLanguages result: undefined
[2026-06-01 22:31:02.848] [info]  (WindowController) Creating tab bar for window 0085ed9c-533a-46ca-8666-ea9369d4bbb0
[2026-06-01 22:31:02.853] [debug] (WindowController) Updating view bounds for window 0085ed9c-533a-46ca-8666-ea9369d4bbb0: {
  bounds: { x: 184, y: 42, width: 1200, height: 800 },
  isMaximized: false,
  width: 1200,
  height: 800
}
[2026-06-01 22:31:02.857] [info]  (WindowController) Creating initial tab for window 0085ed9c-533a-46ca-8666-ea9369d4bbb0
[2026-06-01 22:31:02.857] [info]  (TabManager)       Creating tab c43fa3c6-a3d0-40ea-a31c-d78a69228672 in window 0085ed9c-533a-46ca-8666-ea9369d4bbb0
[2026-06-01 22:31:02.860] [info]  (TabController)    TabController initialized for tab: c43fa3c6-a3d0-40ea-a31c-d78a69228672 in window: 0085ed9c-533a-46ca-8666-ea9369d4bbb0
[2026-06-01 22:31:02.860] [info]  (TabController)    Initializing tab: c43fa3c6-a3d0-40ea-a31c-d78a69228672
[2026-06-01 22:31:02.872] [debug] (TabController)    Tab c43fa3c6-a3d0-40ea-a31c-d78a69228672: Spell checker languages set to en-US
[2026-06-01 22:31:02.876] [debug] (TabController)    Tab c43fa3c6-a3d0-40ea-a31c-d78a69228672: Spell checker enabled: true
[2026-06-01 22:31:02.878] [debug] (TabController)    WebContentsView created for tab: c43fa3c6-a3d0-40ea-a31c-d78a69228672
[2026-06-01 22:31:02.878] [debug] (TabController)    Event listeners set up for tab: c43fa3c6-a3d0-40ea-a31c-d78a69228672
[2026-06-01 22:31:02.878] [info]  (TabController)    Tab c43fa3c6-a3d0-40ea-a31c-d78a69228672: Loading URL https://www.notion.so
[2026-06-01 22:31:02.880] [debug] (TabController)    Tab c43fa3c6-a3d0-40ea-a31c-d78a69228672: Page loading...
[2026-06-01 22:31:02.885] [info]  (TabManager)       Tab c43fa3c6-a3d0-40ea-a31c-d78a69228672 created successfully. Total tabs: 1
[2026-06-01 22:31:02.886] [info]  (WindowController) Setting active tab c43fa3c6-a3d0-40ea-a31c-d78a69228672 for window 0085ed9c-533a-46ca-8666-ea9369d4bbb0
[2026-06-01 22:31:02.886] [debug] (WindowController) Updating view bounds for window 0085ed9c-533a-46ca-8666-ea9369d4bbb0: {
  bounds: { x: 184, y: 42, width: 1200, height: 800 },
  isMaximized: false,
  width: 1200,
  height: 800
}
[2026-06-01 22:31:02.887] [debug] (WindowController) Set tab content bounds: { x: 0, y: 32, width: 1200, height: 768 }
[2026-06-01 22:31:02.887] [debug] (TabController)    Tab c43fa3c6-a3d0-40ea-a31c-d78a69228672: Now visible
[2026-06-01 22:31:02.890] [info]  (WindowController) Showing window: 0085ed9c-533a-46ca-8666-ea9369d4bbb0
[2026-06-01 22:31:02.891] [debug] (WindowController) Updating view bounds for window 0085ed9c-533a-46ca-8666-ea9369d4bbb0: {
  bounds: { x: 184, y: 42, width: 1200, height: 800 },
  isMaximized: false,
  width: 1200,
  height: 800
}
[2026-06-01 22:31:02.891] [debug] (WindowController) Set tab content bounds: { x: 0, y: 32, width: 1200, height: 768 }
[2026-06-01 22:31:02.892] [info]  (WindowController) Focusing window: 0085ed9c-533a-46ca-8666-ea9369d4bbb0
[2026-06-01 22:31:02.893] [info]  (AppController)    WindowController for 0085ed9c-533a-46ca-8666-ea9369d4bbb0 created and initialized. Total windows: 1
[2026-06-01 22:31:03.017] [debug] (WindowController) Updating view bounds for window 0085ed9c-533a-46ca-8666-ea9369d4bbb0: {
  bounds: { x: 184, y: 42, width: 1200, height: 800 },
  isMaximized: false,
  width: 1200,
  height: 800
}
[2026-06-01 22:31:03.018] [debug] (WindowController) Set tab content bounds: { x: 0, y: 32, width: 1200, height: 768 }
[2026-06-01 22:31:03.240] [debug] (WindowController) Window 0085ed9c-533a-46ca-8666-ea9369d4bbb0 moved { x: 16, y: 10, width: 768, height: 832 }
[2026-06-01 22:31:03.243] [debug] (WindowController) Window 0085ed9c-533a-46ca-8666-ea9369d4bbb0 resized { x: 16, y: 10, width: 768, height: 832 }
[2026-06-01 22:31:03.244] [debug] (WindowController) Updating view bounds for window 0085ed9c-533a-46ca-8666-ea9369d4bbb0: {
  bounds: { x: 16, y: 10, width: 768, height: 832 },
  isMaximized: false,
  width: 768,
  height: 832
}
[2026-06-01 22:31:03.244] [debug] (WindowController) Set tab content bounds: { x: 0, y: 32, width: 768, height: 800 }
[2026-06-01 22:31:03.256] [debug] (WindowController) Window 0085ed9c-533a-46ca-8666-ea9369d4bbb0 focused
[2026-06-01 22:31:03.638] [debug] (TabController)    Tab c43fa3c6-a3d0-40ea-a31c-d78a69228672: Navigated to https://www.notion.so/
[2026-06-01 22:31:03.654] [debug] (TabController)    Tab c43fa3c6-a3d0-40ea-a31c-d78a69228672: Title updated to "Notion"
[2026-06-01 22:31:04.160] [debug] (TabController)    Tab c43fa3c6-a3d0-40ea-a31c-d78a69228672: In-page navigation to https://www.notion.so/
[2026-06-01 22:31:04.246] [debug] (TabController)    Tab c43fa3c6-a3d0-40ea-a31c-d78a69228672: In-page navigation to https://www.notion.so/login
[2026-06-01 22:31:04.382] [debug] (TabController)    Tab c43fa3c6-a3d0-40ea-a31c-d78a69228672: Title updated to "Notion - Log in"
[2026-06-01 22:31:07.144] [debug] (WindowController) Window 0085ed9c-533a-46ca-8666-ea9369d4bbb0 resized { x: 16, y: 10, width: 1536, height: 832 }
[2026-06-01 22:31:07.147] [debug] (WindowController) Updating view bounds for window 0085ed9c-533a-46ca-8666-ea9369d4bbb0: {
  bounds: { x: 16, y: 10, width: 1536, height: 832 },
  isMaximized: false,
  width: 1536,
  height: 832
}
[2026-06-01 22:31:07.148] [debug] (WindowController) Set tab content bounds: { x: 0, y: 32, width: 1536, height: 800 }
[2026-06-01 22:31:07.150] [debug] (WindowController) Window 0085ed9c-533a-46ca-8666-ea9369d4bbb0 lost focus
[2026-06-01 22:31:07.580] [debug] (TabController)    Tab c43fa3c6-a3d0-40ea-a31c-d78a69228672: Page loaded
[2026-06-01 22:31:07.582] [debug] (TabController)    Tab c43fa3c6-a3d0-40ea-a31c-d78a69228672: Favicon updated
[2026-06-01 22:31:09.175] [debug] (WindowController) Window 0085ed9c-533a-46ca-8666-ea9369d4bbb0 resized { x: 16, y: 10, width: 768, height: 832 }
[2026-06-01 22:31:09.177] [debug] (WindowController) Updating view bounds for window 0085ed9c-533a-46ca-8666-ea9369d4bbb0: {
  bounds: { x: 16, y: 10, width: 768, height: 832 },
  isMaximized: false,
  width: 768,
  height: 832
}
[2026-06-01 22:31:09.177] [debug] (WindowController) Set tab content bounds: { x: 0, y: 32, width: 768, height: 800 }
[2026-06-01 22:31:09.178] [debug] (WindowController) Window 0085ed9c-533a-46ca-8666-ea9369d4bbb0 focused
[2026-06-01 22:31:09.338] [debug] (WindowController) Window 0085ed9c-533a-46ca-8666-ea9369d4bbb0 resized { x: 16, y: 10, width: 1536, height: 832 }
[2026-06-01 22:31:09.339] [debug] (WindowController) Updating view bounds for window 0085ed9c-533a-46ca-8666-ea9369d4bbb0: {
  bounds: { x: 16, y: 10, width: 1536, height: 832 },
  isMaximized: false,
  width: 1536,
  height: 832
}
[2026-06-01 22:31:09.340] [debug] (WindowController) Set tab content bounds: { x: 0, y: 32, width: 1536, height: 800 }
[2026-06-01 22:31:11.020] [debug] (TabController)    Tab c43fa3c6-a3d0-40ea-a31c-d78a69228672: Allowing new window for Notion URL: https://www.notion.so/verifyNoPopupBlockerHtmlAndRedirect?redirectUri=https%3A%2F%2Fwww.notion.so%2Fgooglepopupredirect%3FcallbackType%3Dpopup%26redirectToAuth%3Dtrue%26requestId%3D6cee64e3-3acd-4872-8962-ca70149bfd0a
[2026-06-01 22:31:11.111] [debug] (WindowController) Window 0085ed9c-533a-46ca-8666-ea9369d4bbb0 resized { x: 16, y: 10, width: 768, height: 832 }
[2026-06-01 22:31:11.113] [debug] (WindowController) Updating view bounds for window 0085ed9c-533a-46ca-8666-ea9369d4bbb0: {
  bounds: { x: 16, y: 10, width: 768, height: 832 },
  isMaximized: false,
  width: 768,
  height: 832
}
[2026-06-01 22:31:11.113] [debug] (WindowController) Set tab content bounds: { x: 0, y: 32, width: 768, height: 800 }
[2026-06-01 22:31:11.210] [debug] (WindowController) Window 0085ed9c-533a-46ca-8666-ea9369d4bbb0 lost focus
[2026-06-01 22:31:11.215] [debug] (WindowController) Window 0085ed9c-533a-46ca-8666-ea9369d4bbb0 focused
[2026-06-01 22:31:11.564] [debug] (WindowController) Window 0085ed9c-533a-46ca-8666-ea9369d4bbb0 lost focus
[2026-06-01 22:31:34.358] [debug] (TabController)    Tab c43fa3c6-a3d0-40ea-a31c-d78a69228672: Page loading...
[2026-06-01 22:31:34.361] [debug] (TabController)    Tab c43fa3c6-a3d0-40ea-a31c-d78a69228672: In-page navigation to https://www.notion.so/oauth2callback?state=eyJjYWxsYmFja1R5cGUiOiJwb3B1cCIsImVuY3J5cHRlZFRva2VuIjoidjAyOmxvZ2luX3dpdGhfZ29vZ2xlOm9XU2huQWVycHkxRlNVTkRNRTl3dmVmUURYX0NoVXZZZzJ1b2xzeUoxNjJCYkV1WG5GSF9CWXVEeWNfbUlaVkZ5NWpxZlUwdmVsUTNzdUV1Rm5yb2VSSldjX1pnQk5MT1ZKWkZ4bWlCeHJhS2VoajFLcVBPZzBPd19PMy00djhkbnBMeiIsImNsaWVudElkIjoiOTA1MTU0MDgxODA5LTg1OHNtM2YwcW5hbHFkOWQ0NGQ5Z2VjanRyZGppOXRmLmFwcHMuZ29vZ2xldXNlcmNvbnRlbnQuY29tIiwicmVkaXJlY3RVcmkiOiJodHRwczovL3d3dy5ub3Rpb24uc28vZ29vZ2xlcG9wdXBjYWxsYmFjayJ9&iss=https%3A%2F%2Faccounts.google.com&code=4%2F0AeoWuM_PezrKjzZhA4LR0q0wRzg315yl4M3MWCMpqIM2D6X5hqF68zzPUV4dAS21w83fTQ&scope=email+profile+https%3A%2F%2Fwww.googleapis.com%2Fauth%2Fuserinfo.profile+https%3A%2F%2Fwww.googleapis.com%2Fauth%2Fuserinfo.email+openid&authuser=0&prompt=none
[2026-06-01 22:31:34.383] [debug] (WindowController) Window 0085ed9c-533a-46ca-8666-ea9369d4bbb0 focused
[2026-06-01 22:31:34.539] [debug] (WindowController) Window 0085ed9c-533a-46ca-8666-ea9369d4bbb0 resized { x: 16, y: 10, width: 1536, height: 832 }
[2026-06-01 22:31:34.540] [debug] (WindowController) Updating view bounds for window 0085ed9c-533a-46ca-8666-ea9369d4bbb0: {
  bounds: { x: 16, y: 10, width: 1536, height: 832 },
  isMaximized: false,
  width: 1536,
  height: 832
}
[2026-06-01 22:31:34.540] [debug] (WindowController) Set tab content bounds: { x: 0, y: 32, width: 1536, height: 800 }
[2026-06-01 22:31:35.704] [debug] (TabController)    Tab c43fa3c6-a3d0-40ea-a31c-d78a69228672: Title updated to "Notion"
[2026-06-01 22:31:36.243] [debug] (TabController)    Tab c43fa3c6-a3d0-40ea-a31c-d78a69228672: Page loading...
[2026-06-01 22:31:36.244] [debug] (TabController)    Tab c43fa3c6-a3d0-40ea-a31c-d78a69228672: In-page navigation to https://www.notion.so/
[2026-06-01 22:31:38.469] [debug] (TabController)    Tab c43fa3c6-a3d0-40ea-a31c-d78a69228672: Page loading...
[2026-06-01 22:31:38.471] [debug] (TabController)    Tab c43fa3c6-a3d0-40ea-a31c-d78a69228672: In-page navigation to https://www.notion.so/myousuf/7f82100715b64a148aa798369ff2b314?pvs=66
[2026-06-01 22:31:38.528] [debug] (TabController)    Tab c43fa3c6-a3d0-40ea-a31c-d78a69228672: Title updated to "Home"
[2026-06-01 22:31:38.532] [debug] (TabController)    Tab c43fa3c6-a3d0-40ea-a31c-d78a69228672: Page loading...
[2026-06-01 22:31:38.533] [debug] (TabController)    Tab c43fa3c6-a3d0-40ea-a31c-d78a69228672: In-page navigation to https://www.notion.so/myousuf/7f82100715b64a148aa798369ff2b314
[2026-06-01 22:31:39.333] [debug] (TabController)    Tab c43fa3c6-a3d0-40ea-a31c-d78a69228672: Favicon updated
[2026-06-01 22:31:40.682] [debug] (TabController)    Tab c43fa3c6-a3d0-40ea-a31c-d78a69228672: Page loading...
[2026-06-01 22:31:40.817] [debug] (TabController)    Tab c43fa3c6-a3d0-40ea-a31c-d78a69228672: Page loading...
[2026-06-01 22:31:48.074] [debug] (TabController)    Tab c43fa3c6-a3d0-40ea-a31c-d78a69228672: Page loading...
[2026-06-01 22:31:48.076] [debug] (TabController)    Tab c43fa3c6-a3d0-40ea-a31c-d78a69228672: In-page navigation to https://www.notion.so/myousuf/Work-Log-3487e452d36b8070a871fc19682524c5?pvs=26&qid=1%3A9890d44c-8587-49d9-b66b-89332900b48f%3A0
[2026-06-01 22:31:48.098] [debug] (TabController)    Tab c43fa3c6-a3d0-40ea-a31c-d78a69228672: Title updated to "Work Log"
[2026-06-01 22:31:48.101] [debug] (TabController)    Tab c43fa3c6-a3d0-40ea-a31c-d78a69228672: Page loading...
[2026-06-01 22:31:48.102] [debug] (TabController)    Tab c43fa3c6-a3d0-40ea-a31c-d78a69228672: In-page navigation to https://www.notion.so/myousuf/Work-Log-3487e452d36b8070a871fc19682524c5
[2026-06-01 22:31:48.224] [debug] (TabController)    Tab c43fa3c6-a3d0-40ea-a31c-d78a69228672: Favicon updated
[2026-06-01 22:31:53.889] [debug] (TabController)    Tab c43fa3c6-a3d0-40ea-a31c-d78a69228672: Page loading...
[2026-06-01 22:31:53.890] [debug] (TabController)    Tab c43fa3c6-a3d0-40ea-a31c-d78a69228672: In-page navigation to https://www.notion.so/myousuf/Work-Log-3487e452d36b8070a871fc19682524c5?p=3727e452d36b8052a8fdd41d44e4e4f1&pm=c&pvs=31
[2026-06-01 22:31:53.908] [debug] (TabController)    Tab c43fa3c6-a3d0-40ea-a31c-d78a69228672: Page loading...
[2026-06-01 22:31:53.910] [debug] (TabController)    Tab c43fa3c6-a3d0-40ea-a31c-d78a69228672: In-page navigation to https://www.notion.so/myousuf/Work-Log-3487e452d36b8070a871fc19682524c5?p=3727e452d36b8052a8fdd41d44e4e4f1&pm=c
[2026-06-01 22:31:58.606] [debug] (TabController)    Tab c43fa3c6-a3d0-40ea-a31c-d78a69228672: Page loading...
[2026-06-01 22:31:58.607] [debug] (TabController)    Tab c43fa3c6-a3d0-40ea-a31c-d78a69228672: In-page navigation to https://www.notion.so/myousuf/Work-Log-3487e452d36b8070a871fc19682524c5?pvs=32
[2026-06-01 22:31:58.617] [debug] (TabController)    Tab c43fa3c6-a3d0-40ea-a31c-d78a69228672: Page loading...
[2026-06-01 22:31:58.619] [debug] (TabController)    Tab c43fa3c6-a3d0-40ea-a31c-d78a69228672: In-page navigation to https://www.notion.so/myousuf/Work-Log-3487e452d36b8070a871fc19682524c5
[2026-06-01 22:32:07.526] [debug] (WindowController) Window 0085ed9c-533a-46ca-8666-ea9369d4bbb0 lost focus
[2026-06-01 22:32:08.327] [debug] (WindowController) Window 0085ed9c-533a-46ca-8666-ea9369d4bbb0 focused
[2026-06-01 22:32:08.329] [debug] (WindowController) Window 0085ed9c-533a-46ca-8666-ea9369d4bbb0 lost focus
[2026-06-01 22:32:19.350] [debug] (WindowController) Window 0085ed9c-533a-46ca-8666-ea9369d4bbb0 focused
[2026-06-01 22:32:19.424] [debug] (WindowController) Window 0085ed9c-533a-46ca-8666-ea9369d4bbb0 lost focus
[2026-06-01 22:34:15.887] [debug] (WindowController) Window 0085ed9c-533a-46ca-8666-ea9369d4bbb0 focused
[2026-06-01 22:34:16.178] [debug] (WindowController) Window 0085ed9c-533a-46ca-8666-ea9369d4bbb0 lost focus
[2026-06-01 22:34:16.585] [debug] (WindowController) Window 0085ed9c-533a-46ca-8666-ea9369d4bbb0 focused
[2026-06-01 22:34:16.591] [debug] (WindowController) Window 0085ed9c-533a-46ca-8666-ea9369d4bbb0 lost focus
[2026-06-01 22:34:17.236] [debug] (WindowController) Window 0085ed9c-533a-46ca-8666-ea9369d4bbb0 focused
[2026-06-01 22:34:17.311] [debug] (WindowController) Window 0085ed9c-533a-46ca-8666-ea9369d4bbb0 lost focus
[2026-06-01 22:34:18.537] [debug] (WindowController) Window 0085ed9c-533a-46ca-8666-ea9369d4bbb0 focused
[2026-06-01 22:34:18.547] [debug] (WindowController) Window 0085ed9c-533a-46ca-8666-ea9369d4bbb0 lost focus
[2026-06-01 22:34:24.964] [error] (TabController)    Tab c43fa3c6-a3d0-40ea-a31c-d78a69228672: Renderer process gone { reason: 'clean-exit', exitCode: 0 }
[2026-06-02 09:57:50.429] [info]                     Requesting single instance lock... Got lock: true
[2026-06-02 09:57:50.432] [info]                     Single instance lock acquired successfully
[2026-06-02 09:57:50.434] [info]  (AppController)    AppController initialized
[2026-06-02 09:57:50.434] [info]  (AppController)    Initializing app event handlers in AppController
[2026-06-02 09:57:50.434] [info]  (TabManager)       TabManager initialized
[2026-06-02 09:57:50.435] [info]  (AppController)    TabManager initialized
[2026-06-02 09:57:50.514] [info]  (AppController)    Electron app is ready via AppController
[2026-06-02 09:57:50.515] [info]  (AppController)    AppController: creating new window with id: 5c0ee579-0058-453d-a23e-441b14db883e {}
[2026-06-02 09:57:50.516] [info]  (WindowController) WindowController initialized for windowId: 5c0ee579-0058-453d-a23e-441b14db883e (useNativeFrame=false)
[2026-06-02 09:57:50.516] [info]  (WindowController) Initializing window: 5c0ee579-0058-453d-a23e-441b14db883e
[2026-06-02 09:57:50.544] [info]  (WindowController) BrowserWindow created for 5c0ee579-0058-453d-a23e-441b14db883e
[2026-06-02 09:57:50.546] [info]  (WindowController) [SpellCheck] Setting spell checker languages: ["en-US"]
[2026-06-02 09:57:50.546] [info]  (WindowController) [SpellCheck] setSpellCheckerLanguages result: undefined
[2026-06-02 09:57:50.547] [info]  (WindowController) Creating tab bar for window 5c0ee579-0058-453d-a23e-441b14db883e
[2026-06-02 09:57:50.551] [debug] (WindowController) Updating view bounds for window 5c0ee579-0058-453d-a23e-441b14db883e: {
  bounds: { x: 16, y: 570, width: 1200, height: 800 },
  isMaximized: false,
  width: 1200,
  height: 800
}
[2026-06-02 09:57:50.555] [info]  (WindowController) Creating initial tab for window 5c0ee579-0058-453d-a23e-441b14db883e
[2026-06-02 09:57:50.556] [info]  (TabManager)       Creating tab 7e27792d-11fa-4c1b-9148-f55062822bbf in window 5c0ee579-0058-453d-a23e-441b14db883e
[2026-06-02 09:57:50.559] [info]  (TabController)    TabController initialized for tab: 7e27792d-11fa-4c1b-9148-f55062822bbf in window: 5c0ee579-0058-453d-a23e-441b14db883e
[2026-06-02 09:57:50.560] [info]  (TabController)    Initializing tab: 7e27792d-11fa-4c1b-9148-f55062822bbf
[2026-06-02 09:57:50.561] [debug] (TabController)    Tab 7e27792d-11fa-4c1b-9148-f55062822bbf: Spell checker languages set to en-US
[2026-06-02 09:57:50.562] [debug] (TabController)    Tab 7e27792d-11fa-4c1b-9148-f55062822bbf: Spell checker enabled: true
[2026-06-02 09:57:50.562] [debug] (TabController)    WebContentsView created for tab: 7e27792d-11fa-4c1b-9148-f55062822bbf
[2026-06-02 09:57:50.563] [debug] (TabController)    Event listeners set up for tab: 7e27792d-11fa-4c1b-9148-f55062822bbf
[2026-06-02 09:57:50.563] [info]  (TabController)    Tab 7e27792d-11fa-4c1b-9148-f55062822bbf: Loading URL https://www.notion.so
[2026-06-02 09:57:50.564] [debug] (TabController)    Tab 7e27792d-11fa-4c1b-9148-f55062822bbf: Page loading...
[2026-06-02 09:57:50.570] [info]  (TabManager)       Tab 7e27792d-11fa-4c1b-9148-f55062822bbf created successfully. Total tabs: 1
[2026-06-02 09:57:50.570] [info]  (WindowController) Setting active tab 7e27792d-11fa-4c1b-9148-f55062822bbf for window 5c0ee579-0058-453d-a23e-441b14db883e
[2026-06-02 09:57:50.570] [debug] (WindowController) Updating view bounds for window 5c0ee579-0058-453d-a23e-441b14db883e: {
  bounds: { x: 16, y: 570, width: 1200, height: 800 },
  isMaximized: false,
  width: 1200,
  height: 800
}
[2026-06-02 09:57:50.571] [debug] (WindowController) Set tab content bounds: { x: 0, y: 32, width: 1200, height: 768 }
[2026-06-02 09:57:50.572] [debug] (TabController)    Tab 7e27792d-11fa-4c1b-9148-f55062822bbf: Now visible
[2026-06-02 09:57:50.574] [info]  (WindowController) Showing window: 5c0ee579-0058-453d-a23e-441b14db883e
[2026-06-02 09:57:50.575] [debug] (WindowController) Updating view bounds for window 5c0ee579-0058-453d-a23e-441b14db883e: {
  bounds: { x: 16, y: 570, width: 1200, height: 800 },
  isMaximized: false,
  width: 1200,
  height: 800
}
[2026-06-02 09:57:50.576] [debug] (WindowController) Set tab content bounds: { x: 0, y: 32, width: 1200, height: 768 }
[2026-06-02 09:57:50.580] [info]  (WindowController) Focusing window: 5c0ee579-0058-453d-a23e-441b14db883e
[2026-06-02 09:57:50.581] [info]  (AppController)    WindowController for 5c0ee579-0058-453d-a23e-441b14db883e created and initialized. Total windows: 1
[2026-06-02 09:57:50.735] [debug] (WindowController) Updating view bounds for window 5c0ee579-0058-453d-a23e-441b14db883e: {
  bounds: { x: 16, y: 570, width: 1200, height: 800 },
  isMaximized: false,
  width: 1200,
  height: 800
}
[2026-06-02 09:57:50.735] [debug] (WindowController) Set tab content bounds: { x: 0, y: 32, width: 1200, height: 768 }
[2026-06-02 09:57:50.788] [debug] (WindowController) Window 5c0ee579-0058-453d-a23e-441b14db883e moved { x: 16, y: 10, width: 1200, height: 800 }
[2026-06-02 09:57:50.791] [debug] (WindowController) Window 5c0ee579-0058-453d-a23e-441b14db883e resized { x: 16, y: 10, width: 1920, height: 1048 }
[2026-06-02 09:57:50.793] [debug] (WindowController) Updating view bounds for window 5c0ee579-0058-453d-a23e-441b14db883e: {
  bounds: { x: 16, y: 10, width: 1920, height: 1048 },
  isMaximized: false,
  width: 1920,
  height: 1048
}
[2026-06-02 09:57:50.793] [debug] (WindowController) Set tab content bounds: { x: 0, y: 32, width: 1920, height: 1016 }
[2026-06-02 09:57:50.794] [debug] (WindowController) Window 5c0ee579-0058-453d-a23e-441b14db883e focused
[2026-06-02 09:57:50.902] [debug] (TabController)    Tab 7e27792d-11fa-4c1b-9148-f55062822bbf: Navigated to https://www.notion.so/
[2026-06-02 09:57:50.923] [debug] (TabController)    Tab 7e27792d-11fa-4c1b-9148-f55062822bbf: Title updated to "Notion"
[2026-06-02 09:57:51.446] [debug] (TabController)    Tab 7e27792d-11fa-4c1b-9148-f55062822bbf: Page loaded
[2026-06-02 09:57:51.448] [debug] (TabController)    Tab 7e27792d-11fa-4c1b-9148-f55062822bbf: Favicon updated
[2026-06-02 09:57:51.454] [debug] (TabController)    Tab 7e27792d-11fa-4c1b-9148-f55062822bbf: Page loading...
[2026-06-02 09:57:51.456] [debug] (TabController)    Tab 7e27792d-11fa-4c1b-9148-f55062822bbf: In-page navigation to https://www.notion.so/
[2026-06-02 09:57:51.718] [debug] (TabController)    Tab 7e27792d-11fa-4c1b-9148-f55062822bbf: Page loading...
[2026-06-02 09:57:51.720] [debug] (TabController)    Tab 7e27792d-11fa-4c1b-9148-f55062822bbf: In-page navigation to https://www.notion.so/7f82100715b64a148aa798369ff2b314?pvs=66
[2026-06-02 09:57:51.755] [debug] (TabController)    Tab 7e27792d-11fa-4c1b-9148-f55062822bbf: Title updated to "Home"
[2026-06-02 09:57:52.208] [debug] (TabController)    Tab 7e27792d-11fa-4c1b-9148-f55062822bbf: Favicon updated
[2026-06-02 09:57:52.754] [debug] (TabController)    Tab 7e27792d-11fa-4c1b-9148-f55062822bbf: Page loading...
[2026-06-02 09:57:52.757] [debug] (TabController)    Tab 7e27792d-11fa-4c1b-9148-f55062822bbf: In-page navigation to https://www.notion.so/myousuf/7f82100715b64a148aa798369ff2b314
[2026-06-02 09:57:53.593] [debug] (WindowController) Window 5c0ee579-0058-453d-a23e-441b14db883e lost focus
[2026-06-02 09:57:54.101] [debug] (TabController)    Tab 7e27792d-11fa-4c1b-9148-f55062822bbf: Page loading...
[2026-06-02 09:57:54.278] [debug] (TabController)    Tab 7e27792d-11fa-4c1b-9148-f55062822bbf: Page loading...
[2026-06-02 09:57:55.261] [debug] (WindowController) Window 5c0ee579-0058-453d-a23e-441b14db883e maximized
[2026-06-02 09:57:55.262] [debug] (WindowController) Window 5c0ee579-0058-453d-a23e-441b14db883e resized { x: 0, y: 0, width: 1080, height: 1888 }
[2026-06-02 09:57:55.263] [debug] (WindowController) Updating view bounds for window 5c0ee579-0058-453d-a23e-441b14db883e: {
  bounds: { x: 0, y: 0, width: 1080, height: 1888 },
  isMaximized: true,
  width: 1080,
  height: 1888
}
[2026-06-02 09:57:55.263] [debug] (WindowController) Set tab content bounds: { x: 0, y: 32, width: 1080, height: 1856 }
[2026-06-02 09:57:55.264] [debug] (WindowController) Updating view bounds for window 5c0ee579-0058-453d-a23e-441b14db883e: {
  bounds: { x: 0, y: 0, width: 1080, height: 1888 },
  isMaximized: true,
  width: 1080,
  height: 1888
}
[2026-06-02 09:57:55.265] [debug] (WindowController) Set tab content bounds: { x: 0, y: 32, width: 1080, height: 1856 }
[2026-06-02 09:57:55.265] [debug] (WindowController) Window 5c0ee579-0058-453d-a23e-441b14db883e focused
[2026-06-02 09:58:07.115] [debug] (WindowController) Window 5c0ee579-0058-453d-a23e-441b14db883e lost focus
[2026-06-02 09:58:08.047] [debug] (WindowController) Window 5c0ee579-0058-453d-a23e-441b14db883e focused
[2026-06-02 09:58:08.072] [debug] (WindowController) Window 5c0ee579-0058-453d-a23e-441b14db883e lost focus
[2026-06-02 09:58:08.764] [debug] (WindowController) Window 5c0ee579-0058-453d-a23e-441b14db883e focused
[2026-06-02 09:58:35.087] [debug] (TabController)    Tab 7e27792d-11fa-4c1b-9148-f55062822bbf: Page loading...
[2026-06-02 09:58:35.089] [debug] (TabController)    Tab 7e27792d-11fa-4c1b-9148-f55062822bbf: In-page navigation to https://www.notion.so/myousuf/Work-Log-3487e452d36b8070a871fc19682524c5?pvs=13
[2026-06-02 09:58:35.120] [debug] (TabController)    Tab 7e27792d-11fa-4c1b-9148-f55062822bbf: Title updated to "Work Log"
[2026-06-02 09:58:35.124] [debug] (TabController)    Tab 7e27792d-11fa-4c1b-9148-f55062822bbf: Page loading...
[2026-06-02 09:58:35.126] [debug] (TabController)    Tab 7e27792d-11fa-4c1b-9148-f55062822bbf: In-page navigation to https://www.notion.so/myousuf/Work-Log-3487e452d36b8070a871fc19682524c5
[2026-06-02 09:58:35.204] [debug] (TabController)    Tab 7e27792d-11fa-4c1b-9148-f55062822bbf: Favicon updated
[2026-06-02 09:58:35.527] [debug] (TabController)    Tab 7e27792d-11fa-4c1b-9148-f55062822bbf: Page loading...
[2026-06-02 09:58:35.528] [debug] (TabController)    Tab 7e27792d-11fa-4c1b-9148-f55062822bbf: In-page navigation to https://www.notion.so/myousuf/Work-Log-3487e452d36b8070a871fc19682524c5?pvs=13
[2026-06-02 09:58:38.112] [debug] (TabController)    Tab 7e27792d-11fa-4c1b-9148-f55062822bbf: Page loading...
[2026-06-02 09:58:38.114] [debug] (TabController)    Tab 7e27792d-11fa-4c1b-9148-f55062822bbf: In-page navigation to https://www.notion.so/myousuf/Work-Log-3487e452d36b8070a871fc19682524c5?p=3727e452d36b8052a8fdd41d44e4e4f1&pm=c&pvs=31
[2026-06-02 09:58:38.132] [debug] (TabController)    Tab 7e27792d-11fa-4c1b-9148-f55062822bbf: Page loading...
[2026-06-02 09:58:38.135] [debug] (TabController)    Tab 7e27792d-11fa-4c1b-9148-f55062822bbf: In-page navigation to https://www.notion.so/myousuf/Work-Log-3487e452d36b8070a871fc19682524c5?p=3727e452d36b8052a8fdd41d44e4e4f1&pm=c
[2026-06-02 09:58:40.175] [debug] (TabController)    Tab 7e27792d-11fa-4c1b-9148-f55062822bbf: Page loading...
[2026-06-02 09:58:40.177] [debug] (TabController)    Tab 7e27792d-11fa-4c1b-9148-f55062822bbf: In-page navigation to https://www.notion.so/myousuf/Work-Log-3487e452d36b8070a871fc19682524c5?pvs=32
[2026-06-02 09:58:40.185] [debug] (TabController)    Tab 7e27792d-11fa-4c1b-9148-f55062822bbf: Page loading...
[2026-06-02 09:58:40.187] [debug] (TabController)    Tab 7e27792d-11fa-4c1b-9148-f55062822bbf: In-page navigation to https://www.notion.so/myousuf/Work-Log-3487e452d36b8070a871fc19682524c5
[2026-06-02 09:58:55.248] [debug] (WindowController) Window 5c0ee579-0058-453d-a23e-441b14db883e lost focus
[2026-06-02 09:58:56.856] [debug] (WindowController) Window 5c0ee579-0058-453d-a23e-441b14db883e focused
[2026-06-02 09:59:01.395] [debug] (WindowController) Window 5c0ee579-0058-453d-a23e-441b14db883e lost focus
[2026-06-02 10:00:20.296] [debug] (WindowController) Window 5c0ee579-0058-453d-a23e-441b14db883e focused
[2026-06-02 10:00:21.977] [debug] (WindowController) Window 5c0ee579-0058-453d-a23e-441b14db883e lost focus
[2026-06-02 10:00:24.896] [debug] (WindowController) Window 5c0ee579-0058-453d-a23e-441b14db883e focused
[2026-06-02 10:00:43.093] [debug] (TabController)    Tab 7e27792d-11fa-4c1b-9148-f55062822bbf: Title updated to "Notion"
[2026-06-02 10:00:43.096] [debug] (TabController)    Tab 7e27792d-11fa-4c1b-9148-f55062822bbf: Title updated to "Work Log"
[2026-06-02 10:00:48.412] [debug] (TabController)    Tab 7e27792d-11fa-4c1b-9148-f55062822bbf: Page loading...
[2026-06-02 10:00:48.414] [debug] (TabController)    Tab 7e27792d-11fa-4c1b-9148-f55062822bbf: In-page navigation to https://www.notion.so/myousuf/php-ini-changes-1ff7e452d36b8086a61cde484edf20c7?pvs=13
[2026-06-02 10:00:48.436] [debug] (TabController)    Tab 7e27792d-11fa-4c1b-9148-f55062822bbf: Title updated to "php.ini changes"
[2026-06-02 10:00:48.440] [debug] (TabController)    Tab 7e27792d-11fa-4c1b-9148-f55062822bbf: Page loading...
[2026-06-02 10:00:48.443] [debug] (TabController)    Tab 7e27792d-11fa-4c1b-9148-f55062822bbf: In-page navigation to https://www.notion.so/myousuf/php-ini-changes-1ff7e452d36b8086a61cde484edf20c7
[2026-06-02 10:00:48.444] [debug] (TabController)    Tab 7e27792d-11fa-4c1b-9148-f55062822bbf: Favicon updated
[2026-06-02 10:00:52.108] [debug] (WindowController) Window 5c0ee579-0058-453d-a23e-441b14db883e lost focus
[2026-06-02 10:01:13.220] [debug] (WindowController) Window 5c0ee579-0058-453d-a23e-441b14db883e focused
[2026-06-02 10:01:14.522] [debug] (WindowController) Window 5c0ee579-0058-453d-a23e-441b14db883e lost focus
[2026-06-02 10:01:15.447] [debug] (WindowController) Window 5c0ee579-0058-453d-a23e-441b14db883e focused
[2026-06-02 10:01:25.024] [debug] (WindowController) Window 5c0ee579-0058-453d-a23e-441b14db883e lost focus
[2026-06-02 10:01:25.749] [debug] (WindowController) Window 5c0ee579-0058-453d-a23e-441b14db883e focused
[2026-06-02 10:01:29.597] [debug] (TabController)    Tab 7e27792d-11fa-4c1b-9148-f55062822bbf: Page loading...
[2026-06-02 10:01:29.598] [debug] (TabController)    Tab 7e27792d-11fa-4c1b-9148-f55062822bbf: In-page navigation to https://www.notion.so/myousuf/Duty-Roster-X-KMS-SSO-23f7e452d36b80e6a941df01aceb5818?pvs=13
[2026-06-02 10:01:29.612] [debug] (TabController)    Tab 7e27792d-11fa-4c1b-9148-f55062822bbf: Title updated to "Duty Roster X KMS : SSO"
[2026-06-02 10:01:29.614] [debug] (TabController)    Tab 7e27792d-11fa-4c1b-9148-f55062822bbf: Page loading...
[2026-06-02 10:01:29.615] [debug] (TabController)    Tab 7e27792d-11fa-4c1b-9148-f55062822bbf: In-page navigation to https://www.notion.so/myousuf/Duty-Roster-X-KMS-SSO-23f7e452d36b80e6a941df01aceb5818
[2026-06-02 10:01:30.322] [debug] (TabController)    Tab 7e27792d-11fa-4c1b-9148-f55062822bbf: Page loading...
[2026-06-02 10:01:30.324] [debug] (TabController)    Tab 7e27792d-11fa-4c1b-9148-f55062822bbf: In-page navigation to https://www.notion.so/myousuf/Duty-Roster-x-KMS-SSO-23f7e452d36b80758c79dae44a91693c?pvs=13
[2026-06-02 10:01:30.337] [debug] (TabController)    Tab 7e27792d-11fa-4c1b-9148-f55062822bbf: Title updated to "Duty Roster x KMS : SSO"
[2026-06-02 10:01:30.339] [debug] (TabController)    Tab 7e27792d-11fa-4c1b-9148-f55062822bbf: Page loading...
[2026-06-02 10:01:30.341] [debug] (TabController)    Tab 7e27792d-11fa-4c1b-9148-f55062822bbf: In-page navigation to https://www.notion.so/myousuf/Duty-Roster-x-KMS-SSO-23f7e452d36b80758c79dae44a91693c
[2026-06-02 10:01:31.727] [debug] (TabController)    Tab 7e27792d-11fa-4c1b-9148-f55062822bbf: Page loading...
[2026-06-02 10:01:31.729] [debug] (TabController)    Tab 7e27792d-11fa-4c1b-9148-f55062822bbf: In-page navigation to https://www.notion.so/myousuf/flow-of-resources-endpoints-3057e452d36b80a6b099ca9c42e10946?pvs=13
[2026-06-02 10:01:31.743] [debug] (TabController)    Tab 7e27792d-11fa-4c1b-9148-f55062822bbf: Title updated to "flow of resources endpoints"
[2026-06-02 10:01:31.746] [debug] (TabController)    Tab 7e27792d-11fa-4c1b-9148-f55062822bbf: Page loading...
[2026-06-02 10:01:31.748] [debug] (TabController)    Tab 7e27792d-11fa-4c1b-9148-f55062822bbf: In-page navigation to https://www.notion.so/myousuf/flow-of-resources-endpoints-3057e452d36b80a6b099ca9c42e10946
[2026-06-02 10:01:32.328] [debug] (TabController)    Tab 7e27792d-11fa-4c1b-9148-f55062822bbf: Page loading...
[2026-06-02 10:01:32.330] [debug] (TabController)    Tab 7e27792d-11fa-4c1b-9148-f55062822bbf: In-page navigation to https://www.notion.so/myousuf/sdms-token-storage-in-database-29d7e452d36b801d9587cb54de46fb63?pvs=13
[2026-06-02 10:01:32.846] [debug] (TabController)    Tab 7e27792d-11fa-4c1b-9148-f55062822bbf: Title updated to "sdms token storage in database"
[2026-06-02 10:01:32.848] [debug] (TabController)    Tab 7e27792d-11fa-4c1b-9148-f55062822bbf: Page loading...
[2026-06-02 10:01:32.850] [debug] (TabController)    Tab 7e27792d-11fa-4c1b-9148-f55062822bbf: In-page navigation to https://www.notion.so/myousuf/sdms-token-storage-in-database-29d7e452d36b801d9587cb54de46fb63
[2026-06-02 10:01:37.532] [debug] (WindowController) Window 5c0ee579-0058-453d-a23e-441b14db883e lost focus
[2026-06-02 10:01:43.160] [debug] (WindowController) Window 5c0ee579-0058-453d-a23e-441b14db883e focused
[2026-06-02 10:01:43.161] [debug] (WindowController) Window 5c0ee579-0058-453d-a23e-441b14db883e lost focus
[2026-06-02 10:01:43.430] [debug] (WindowController) Window 5c0ee579-0058-453d-a23e-441b14db883e focused
[2026-06-02 10:01:44.397] [debug] (WindowController) Window 5c0ee579-0058-453d-a23e-441b14db883e lost focus
[2026-06-02 10:01:50.588] [debug] (WindowController) Window 5c0ee579-0058-453d-a23e-441b14db883e focused
[2026-06-02 10:01:50.589] [debug] (WindowController) Window 5c0ee579-0058-453d-a23e-441b14db883e lost focus
[2026-06-02 10:01:51.273] [debug] (WindowController) Window 5c0ee579-0058-453d-a23e-441b14db883e focused
[2026-06-02 10:01:51.274] [debug] (WindowController) Window 5c0ee579-0058-453d-a23e-441b14db883e lost focus
[2026-06-02 10:03:01.540] [debug] (WindowController) Window 5c0ee579-0058-453d-a23e-441b14db883e focused
[2026-06-02 10:03:03.224] [debug] (WindowController) Window 5c0ee579-0058-453d-a23e-441b14db883e lost focus
[2026-06-02 10:03:14.618] [debug] (WindowController) Window 5c0ee579-0058-453d-a23e-441b14db883e focused
[2026-06-02 10:03:14.620] [debug] (WindowController) Window 5c0ee579-0058-453d-a23e-441b14db883e lost focus
[2026-06-02 10:03:15.137] [debug] (WindowController) Window 5c0ee579-0058-453d-a23e-441b14db883e focused
[2026-06-02 10:03:15.556] [debug] (WindowController) Window 5c0ee579-0058-453d-a23e-441b14db883e lost focus
[2026-06-02 10:03:17.875] [debug] (WindowController) Window 5c0ee579-0058-453d-a23e-441b14db883e focused
[2026-06-02 10:03:17.877] [debug] (WindowController) Window 5c0ee579-0058-453d-a23e-441b14db883e lost focus
[2026-06-02 10:03:18.091] [debug] (WindowController) Window 5c0ee579-0058-453d-a23e-441b14db883e focused
[2026-06-02 10:03:18.093] [debug] (WindowController) Window 5c0ee579-0058-453d-a23e-441b14db883e lost focus
[2026-06-02 10:03:18.251] [debug] (WindowController) Window 5c0ee579-0058-453d-a23e-441b14db883e focused
[2026-06-02 10:03:18.253] [debug] (WindowController) Window 5c0ee579-0058-453d-a23e-441b14db883e lost focus
[2026-06-02 10:03:18.564] [debug] (WindowController) Window 5c0ee579-0058-453d-a23e-441b14db883e focused
[2026-06-02 10:03:18.566] [debug] (WindowController) Window 5c0ee579-0058-453d-a23e-441b14db883e lost focus
[2026-06-02 10:03:19.074] [debug] (WindowController) Window 5c0ee579-0058-453d-a23e-441b14db883e focused
[2026-06-02 10:03:19.075] [debug] (WindowController) Window 5c0ee579-0058-453d-a23e-441b14db883e lost focus
[2026-06-02 10:03:19.502] [debug] (WindowController) Window 5c0ee579-0058-453d-a23e-441b14db883e focused
[2026-06-02 10:03:33.682] [debug] (WindowController) Window 5c0ee579-0058-453d-a23e-441b14db883e lost focus
[2026-06-02 10:03:33.960] [debug] (WindowController) Window 5c0ee579-0058-453d-a23e-441b14db883e focused
[2026-06-02 10:03:34.569] [debug] (WindowController) Window 5c0ee579-0058-453d-a23e-441b14db883e lost focus
[2026-06-02 10:03:36.208] [debug] (WindowController) Window 5c0ee579-0058-453d-a23e-441b14db883e focused
[2026-06-02 10:03:38.451] [debug] (WindowController) Window 5c0ee579-0058-453d-a23e-441b14db883e lost focus
[2026-06-02 10:03:48.557] [debug] (WindowController) Window 5c0ee579-0058-453d-a23e-441b14db883e focused
[2026-06-02 10:03:48.559] [debug] (WindowController) Window 5c0ee579-0058-453d-a23e-441b14db883e lost focus
[2026-06-02 10:03:48.972] [debug] (WindowController) Window 5c0ee579-0058-453d-a23e-441b14db883e focused
[2026-06-02 10:03:48.973] [debug] (WindowController) Window 5c0ee579-0058-453d-a23e-441b14db883e lost focus
[2026-06-02 10:03:51.707] [debug] (WindowController) Window 5c0ee579-0058-453d-a23e-441b14db883e focused
[2026-06-02 10:03:52.500] [debug] (WindowController) Window 5c0ee579-0058-453d-a23e-441b14db883e lost focus
[2026-06-02 10:03:52.668] [debug] (WindowController) Window 5c0ee579-0058-453d-a23e-441b14db883e focused
[2026-06-02 10:03:52.669] [debug] (WindowController) Window 5c0ee579-0058-453d-a23e-441b14db883e lost focus
[2026-06-02 10:03:53.220] [debug] (WindowController) Window 5c0ee579-0058-453d-a23e-441b14db883e focused
[2026-06-02 10:03:53.294] [debug] (WindowController) Window 5c0ee579-0058-453d-a23e-441b14db883e lost focus
[2026-06-02 10:03:56.883] [debug] (WindowController) Window 5c0ee579-0058-453d-a23e-441b14db883e focused
[2026-06-02 10:03:56.884] [debug] (WindowController) Window 5c0ee579-0058-453d-a23e-441b14db883e lost focus
[2026-06-02 10:05:49.414] [debug] (WindowController) Window 5c0ee579-0058-453d-a23e-441b14db883e resized { x: 0, y: 0, width: 1920, height: 1048 }
[2026-06-02 10:05:49.416] [debug] (WindowController) Updating view bounds for window 5c0ee579-0058-453d-a23e-441b14db883e: {
  bounds: { x: 0, y: 0, width: 1920, height: 1048 },
  isMaximized: true,
  width: 1920,
  height: 1048
}
[2026-06-02 10:05:49.417] [debug] (WindowController) Set tab content bounds: { x: 0, y: 32, width: 1920, height: 1016 }
[2026-06-02 10:06:06.503] [debug] (WindowController) Window 5c0ee579-0058-453d-a23e-441b14db883e focused
[2026-06-02 10:06:06.505] [debug] (WindowController) Window 5c0ee579-0058-453d-a23e-441b14db883e lost focus
[2026-06-02 10:06:06.653] [debug] (WindowController) Window 5c0ee579-0058-453d-a23e-441b14db883e focused
[2026-06-02 10:06:06.655] [debug] (WindowController) Window 5c0ee579-0058-453d-a23e-441b14db883e lost focus
[2026-06-02 10:06:06.909] [debug] (WindowController) Window 5c0ee579-0058-453d-a23e-441b14db883e focused
[2026-06-02 10:06:07.015] [debug] (WindowController) Window 5c0ee579-0058-453d-a23e-441b14db883e lost focus
[2026-06-02 10:06:07.166] [debug] (WindowController) Window 5c0ee579-0058-453d-a23e-441b14db883e focused
[2026-06-02 10:06:07.168] [debug] (WindowController) Window 5c0ee579-0058-453d-a23e-441b14db883e lost focus
[2026-06-02 10:06:07.422] [debug] (WindowController) Window 5c0ee579-0058-453d-a23e-441b14db883e focused
[2026-06-02 10:06:08.425] [debug] (WindowController) Window 5c0ee579-0058-453d-a23e-441b14db883e lost focus
[2026-06-02 10:06:09.321] [debug] (WindowController) Window 5c0ee579-0058-453d-a23e-441b14db883e focused
[2026-06-02 10:06:10.394] [debug] (WindowController) Window 5c0ee579-0058-453d-a23e-441b14db883e lost focus
[2026-06-02 10:06:10.557] [debug] (WindowController) Window 5c0ee579-0058-453d-a23e-441b14db883e focused
[2026-06-02 10:06:10.559] [debug] (WindowController) Window 5c0ee579-0058-453d-a23e-441b14db883e lost focus
[2026-06-02 10:06:10.822] [debug] (WindowController) Window 5c0ee579-0058-453d-a23e-441b14db883e focused
[2026-06-02 10:06:10.902] [debug] (WindowController) Window 5c0ee579-0058-453d-a23e-441b14db883e lost focus
[2026-06-02 10:06:11.061] [debug] (WindowController) Window 5c0ee579-0058-453d-a23e-441b14db883e focused
[2026-06-02 10:06:11.062] [debug] (WindowController) Window 5c0ee579-0058-453d-a23e-441b14db883e lost focus
[2026-06-02 10:06:11.324] [debug] (WindowController) Window 5c0ee579-0058-453d-a23e-441b14db883e focused
[2026-06-02 10:06:11.414] [debug] (WindowController) Window 5c0ee579-0058-453d-a23e-441b14db883e lost focus
[2026-06-02 10:06:11.565] [debug] (WindowController) Window 5c0ee579-0058-453d-a23e-441b14db883e focused
[2026-06-02 10:06:11.567] [debug] (WindowController) Window 5c0ee579-0058-453d-a23e-441b14db883e lost focus
[2026-06-02 10:06:11.701] [debug] (WindowController) Window 5c0ee579-0058-453d-a23e-441b14db883e focused
[2026-06-02 10:06:11.703] [debug] (WindowController) Window 5c0ee579-0058-453d-a23e-441b14db883e lost focus
[2026-06-02 10:06:11.954] [debug] (WindowController) Window 5c0ee579-0058-453d-a23e-441b14db883e focused
[2026-06-02 10:06:15.816] [debug] (WindowController) Window 5c0ee579-0058-453d-a23e-441b14db883e lost focus
[2026-06-02 10:07:03.599] [debug] (WindowController) Window 5c0ee579-0058-453d-a23e-441b14db883e focused
[2026-06-02 10:07:03.600] [debug] (WindowController) Window 5c0ee579-0058-453d-a23e-441b14db883e lost focus
[2026-06-02 10:07:03.865] [debug] (WindowController) Window 5c0ee579-0058-453d-a23e-441b14db883e focused
[2026-06-02 10:07:03.984] [debug] (WindowController) Window 5c0ee579-0058-453d-a23e-441b14db883e lost focus
[2026-06-02 10:07:04.159] [debug] (WindowController) Window 5c0ee579-0058-453d-a23e-441b14db883e focused
[2026-06-02 10:07:04.161] [debug] (WindowController) Window 5c0ee579-0058-453d-a23e-441b14db883e lost focus
[2026-06-02 10:07:04.311] [debug] (WindowController) Window 5c0ee579-0058-453d-a23e-441b14db883e focused
[2026-06-02 10:07:04.312] [debug] (WindowController) Window 5c0ee579-0058-453d-a23e-441b14db883e lost focus
[2026-06-02 10:07:04.471] [debug] (WindowController) Window 5c0ee579-0058-453d-a23e-441b14db883e focused
[2026-06-02 10:07:04.473] [debug] (WindowController) Window 5c0ee579-0058-453d-a23e-441b14db883e lost focus
[2026-06-02 10:07:04.746] [debug] (WindowController) Window 5c0ee579-0058-453d-a23e-441b14db883e focused
[2026-06-02 10:07:04.839] [debug] (WindowController) Window 5c0ee579-0058-453d-a23e-441b14db883e lost focus
[2026-06-02 10:07:05.015] [debug] (WindowController) Window 5c0ee579-0058-453d-a23e-441b14db883e focused
[2026-06-02 10:07:05.017] [debug] (WindowController) Window 5c0ee579-0058-453d-a23e-441b14db883e lost focus
[2026-06-02 10:07:05.280] [debug] (WindowController) Window 5c0ee579-0058-453d-a23e-441b14db883e focused
[2026-06-02 10:07:05.384] [debug] (WindowController) Window 5c0ee579-0058-453d-a23e-441b14db883e lost focus
[2026-06-02 10:07:05.676] [debug] (WindowController) Window 5c0ee579-0058-453d-a23e-441b14db883e focused
[2026-06-02 10:07:05.734] [debug] (WindowController) Window 5c0ee579-0058-453d-a23e-441b14db883e lost focus
[2026-06-02 10:07:05.993] [debug] (WindowController) Window 5c0ee579-0058-453d-a23e-441b14db883e focused
[2026-06-02 10:07:06.472] [debug] (WindowController) Window 5c0ee579-0058-453d-a23e-441b14db883e lost focus
[2026-06-02 10:07:06.655] [debug] (WindowController) Window 5c0ee579-0058-453d-a23e-441b14db883e focused
[2026-06-02 10:07:06.657] [debug] (WindowController) Window 5c0ee579-0058-453d-a23e-441b14db883e lost focus
[2026-06-02 10:07:06.823] [debug] (WindowController) Window 5c0ee579-0058-453d-a23e-441b14db883e focused
[2026-06-02 10:07:06.824] [debug] (WindowController) Window 5c0ee579-0058-453d-a23e-441b14db883e lost focus
[2026-06-02 10:07:06.967] [debug] (WindowController) Window 5c0ee579-0058-453d-a23e-441b14db883e focused
[2026-06-02 10:07:06.968] [debug] (WindowController) Window 5c0ee579-0058-453d-a23e-441b14db883e lost focus
[2026-06-02 10:07:07.224] [debug] (WindowController) Window 5c0ee579-0058-453d-a23e-441b14db883e focused
[2026-06-02 10:07:08.239] [debug] (WindowController) Window 5c0ee579-0058-453d-a23e-441b14db883e lost focus
[2026-06-02 10:07:08.508] [debug] (WindowController) Window 5c0ee579-0058-453d-a23e-441b14db883e focused
[2026-06-02 10:07:08.656] [debug] (WindowController) Window 5c0ee579-0058-453d-a23e-441b14db883e lost focus
[2026-06-02 10:07:08.927] [debug] (WindowController) Window 5c0ee579-0058-453d-a23e-441b14db883e focused
[2026-06-02 10:07:09.073] [debug] (WindowController) Window 5c0ee579-0058-453d-a23e-441b14db883e lost focus
[2026-06-02 10:07:09.327] [debug] (WindowController) Window 5c0ee579-0058-453d-a23e-441b14db883e focused
[2026-06-02 10:07:09.392] [debug] (WindowController) Window 5c0ee579-0058-453d-a23e-441b14db883e lost focus
[2026-06-02 10:07:09.660] [debug] (WindowController) Window 5c0ee579-0058-453d-a23e-441b14db883e focused
[2026-06-02 10:07:09.896] [debug] (WindowController) Window 5c0ee579-0058-453d-a23e-441b14db883e lost focus
[2026-06-02 10:07:10.078] [debug] (WindowController) Window 5c0ee579-0058-453d-a23e-441b14db883e focused
[2026-06-02 10:07:10.080] [debug] (WindowController) Window 5c0ee579-0058-453d-a23e-441b14db883e lost focus
[2026-06-02 10:07:10.344] [debug] (WindowController) Window 5c0ee579-0058-453d-a23e-441b14db883e focused
[2026-06-02 10:07:12.051] [debug] (WindowController) Window 5c0ee579-0058-453d-a23e-441b14db883e lost focus
[2026-06-02 10:07:36.791] [debug] (WindowController) Window 5c0ee579-0058-453d-a23e-441b14db883e resized { x: 0, y: 0, width: 1920, height: 784 }
[2026-06-02 10:07:36.793] [debug] (WindowController) Updating view bounds for window 5c0ee579-0058-453d-a23e-441b14db883e: {
  bounds: { x: 0, y: 0, width: 1920, height: 784 },
  isMaximized: true,
  width: 1920,
  height: 784
}
[2026-06-02 10:07:36.794] [debug] (WindowController) Set tab content bounds: { x: 0, y: 32, width: 1920, height: 752 }
[2026-06-02 10:07:37.164] [debug] (WindowController) Window 5c0ee579-0058-453d-a23e-441b14db883e resized { x: 0, y: 0, width: 1920, height: 1048 }
[2026-06-02 10:07:37.166] [debug] (WindowController) Updating view bounds for window 5c0ee579-0058-453d-a23e-441b14db883e: {
  bounds: { x: 0, y: 0, width: 1920, height: 1048 },
  isMaximized: true,
  width: 1920,
  height: 1048
}
[2026-06-02 10:07:37.166] [debug] (WindowController) Set tab content bounds: { x: 0, y: 32, width: 1920, height: 1016 }
[2026-06-02 10:07:42.016] [debug] (WindowController) Window 5c0ee579-0058-453d-a23e-441b14db883e focused
[2026-06-02 10:07:42.017] [debug] (WindowController) Window 5c0ee579-0058-453d-a23e-441b14db883e lost focus
[2026-06-02 10:07:42.159] [debug] (WindowController) Window 5c0ee579-0058-453d-a23e-441b14db883e focused
[2026-06-02 10:07:42.161] [debug] (WindowController) Window 5c0ee579-0058-453d-a23e-441b14db883e lost focus
[2026-06-02 10:07:42.426] [debug] (WindowController) Window 5c0ee579-0058-453d-a23e-441b14db883e focused
[2026-06-02 10:07:42.561] [debug] (WindowController) Window 5c0ee579-0058-453d-a23e-441b14db883e lost focus
[2026-06-02 10:07:42.706] [debug] (WindowController) Window 5c0ee579-0058-453d-a23e-441b14db883e focused
[2026-06-02 10:07:42.707] [debug] (WindowController) Window 5c0ee579-0058-453d-a23e-441b14db883e lost focus
[2026-06-02 10:07:42.847] [debug] (WindowController) Window 5c0ee579-0058-453d-a23e-441b14db883e focused
[2026-06-02 10:07:42.848] [debug] (WindowController) Window 5c0ee579-0058-453d-a23e-441b14db883e lost focus
[2026-06-02 10:07:42.990] [debug] (WindowController) Window 5c0ee579-0058-453d-a23e-441b14db883e focused
[2026-06-02 10:07:42.992] [debug] (WindowController) Window 5c0ee579-0058-453d-a23e-441b14db883e lost focus
[2026-06-02 10:07:43.151] [debug] (WindowController) Window 5c0ee579-0058-453d-a23e-441b14db883e focused
[2026-06-02 10:07:43.152] [debug] (WindowController) Window 5c0ee579-0058-453d-a23e-441b14db883e lost focus
[2026-06-02 10:07:43.424] [debug] (WindowController) Window 5c0ee579-0058-453d-a23e-441b14db883e focused
[2026-06-02 10:07:45.006] [debug] (WindowController) Window 5c0ee579-0058-453d-a23e-441b14db883e lost focus
[2026-06-02 10:07:45.277] [debug] (WindowController) Window 5c0ee579-0058-453d-a23e-441b14db883e focused
[2026-06-02 10:07:45.502] [debug] (WindowController) Window 5c0ee579-0058-453d-a23e-441b14db883e lost focus
[2026-06-02 10:07:45.695] [debug] (WindowController) Window 5c0ee579-0058-453d-a23e-441b14db883e focused
[2026-06-02 10:07:45.696] [debug] (WindowController) Window 5c0ee579-0058-453d-a23e-441b14db883e lost focus
[2026-06-02 10:07:45.854] [debug] (WindowController) Window 5c0ee579-0058-453d-a23e-441b14db883e focused
[2026-06-02 10:07:45.856] [debug] (WindowController) Window 5c0ee579-0058-453d-a23e-441b14db883e lost focus
[2026-06-02 10:07:46.125] [debug] (WindowController) Window 5c0ee579-0058-453d-a23e-441b14db883e focused
[2026-06-02 10:07:46.264] [debug] (WindowController) Window 5c0ee579-0058-453d-a23e-441b14db883e lost focus
[2026-06-02 10:07:46.422] [debug] (WindowController) Window 5c0ee579-0058-453d-a23e-441b14db883e focused
[2026-06-02 10:07:46.423] [debug] (WindowController) Window 5c0ee579-0058-453d-a23e-441b14db883e lost focus
[2026-06-02 10:07:46.558] [debug] (WindowController) Window 5c0ee579-0058-453d-a23e-441b14db883e focused
[2026-06-02 10:07:46.560] [debug] (WindowController) Window 5c0ee579-0058-453d-a23e-441b14db883e lost focus
[2026-06-02 10:07:46.822] [debug] (WindowController) Window 5c0ee579-0058-453d-a23e-441b14db883e focused
[2026-06-02 10:07:46.976] [debug] (WindowController) Window 5c0ee579-0058-453d-a23e-441b14db883e lost focus
[2026-06-02 10:07:47.143] [debug] (WindowController) Window 5c0ee579-0058-453d-a23e-441b14db883e focused
[2026-06-02 10:07:47.144] [debug] (WindowController) Window 5c0ee579-0058-453d-a23e-441b14db883e lost focus
[2026-06-02 10:07:47.405] [debug] (WindowController) Window 5c0ee579-0058-453d-a23e-441b14db883e focused
[2026-06-02 10:07:47.504] [debug] (WindowController) Window 5c0ee579-0058-453d-a23e-441b14db883e lost focus
[2026-06-02 10:07:47.766] [debug] (WindowController) Window 5c0ee579-0058-453d-a23e-441b14db883e focused
[2026-06-02 10:07:48.172] [debug] (WindowController) Window 5c0ee579-0058-453d-a23e-441b14db883e lost focus
[2026-06-02 10:07:55.717] [debug] (WindowController) Window 5c0ee579-0058-453d-a23e-441b14db883e focused
[2026-06-02 10:07:56.149] [debug] (WindowController) Window 5c0ee579-0058-453d-a23e-441b14db883e lost focus
[2026-06-02 10:07:56.436] [debug] (WindowController) Window 5c0ee579-0058-453d-a23e-441b14db883e focused
[2026-06-02 10:07:56.735] [debug] (WindowController) Window 5c0ee579-0058-453d-a23e-441b14db883e lost focus
[2026-06-02 10:07:56.986] [debug] (WindowController) Window 5c0ee579-0058-453d-a23e-441b14db883e focused
[2026-06-02 10:07:57.279] [debug] (WindowController) Window 5c0ee579-0058-453d-a23e-441b14db883e lost focus
[2026-06-02 10:07:58.000] [debug] (WindowController) Window 5c0ee579-0058-453d-a23e-441b14db883e focused
[2026-06-02 10:07:58.413] [debug] (WindowController) Window 5c0ee579-0058-453d-a23e-441b14db883e lost focus
[2026-06-02 10:07:59.917] [debug] (WindowController) Window 5c0ee579-0058-453d-a23e-441b14db883e focused
[2026-06-02 10:08:00.880] [debug] (WindowController) Window 5c0ee579-0058-453d-a23e-441b14db883e lost focus
[2026-06-02 10:08:01.132] [debug] (WindowController) Window 5c0ee579-0058-453d-a23e-441b14db883e focused
[2026-06-02 10:08:08.398] [debug] (WindowController) Window 5c0ee579-0058-453d-a23e-441b14db883e lost focus
[2026-06-02 10:08:17.945] [debug] (WindowController) Window 5c0ee579-0058-453d-a23e-441b14db883e focused
[2026-06-02 10:08:19.706] [debug] (WindowController) Window 5c0ee579-0058-453d-a23e-441b14db883e lost focus
[2026-06-02 10:08:19.972] [debug] (WindowController) Window 5c0ee579-0058-453d-a23e-441b14db883e focused
[2026-06-02 10:08:23.679] [debug] (WindowController) Window 5c0ee579-0058-453d-a23e-441b14db883e lost focus
[2026-06-02 10:08:31.136] [debug] (WindowController) Window 5c0ee579-0058-453d-a23e-441b14db883e focused
[2026-06-02 10:08:34.190] [debug] (WindowController) Window 5c0ee579-0058-453d-a23e-441b14db883e lost focus
[2026-06-02 10:08:34.449] [debug] (WindowController) Window 5c0ee579-0058-453d-a23e-441b14db883e focused
[2026-06-02 10:08:34.982] [debug] (WindowController) Window 5c0ee579-0058-453d-a23e-441b14db883e lost focus
[2026-06-02 10:08:38.379] [debug] (WindowController) Window 5c0ee579-0058-453d-a23e-441b14db883e focused
[2026-06-02 10:08:39.540] [debug] (WindowController) Window 5c0ee579-0058-453d-a23e-441b14db883e lost focus
[2026-06-02 10:08:39.801] [debug] (WindowController) Window 5c0ee579-0058-453d-a23e-441b14db883e focused
[2026-06-02 10:08:39.932] [debug] (WindowController) Window 5c0ee579-0058-453d-a23e-441b14db883e lost focus
[2026-06-02 10:08:40.168] [debug] (WindowController) Window 5c0ee579-0058-453d-a23e-441b14db883e focused
[2026-06-02 10:08:40.210] [debug] (WindowController) Window 5c0ee579-0058-453d-a23e-441b14db883e lost focus
[2026-06-02 10:08:40.378] [debug] (WindowController) Window 5c0ee579-0058-453d-a23e-441b14db883e focused
[2026-06-02 10:08:40.379] [debug] (WindowController) Window 5c0ee579-0058-453d-a23e-441b14db883e lost focus
[2026-06-02 10:08:40.536] [debug] (WindowController) Window 5c0ee579-0058-453d-a23e-441b14db883e focused
[2026-06-02 10:08:40.537] [debug] (WindowController) Window 5c0ee579-0058-453d-a23e-441b14db883e lost focus
[2026-06-02 10:08:40.680] [debug] (WindowController) Window 5c0ee579-0058-453d-a23e-441b14db883e focused
[2026-06-02 10:08:40.681] [debug] (WindowController) Window 5c0ee579-0058-453d-a23e-441b14db883e lost focus
[2026-06-02 10:08:40.946] [debug] (WindowController) Window 5c0ee579-0058-453d-a23e-441b14db883e focused
[2026-06-02 10:08:41.081] [debug] (WindowController) Window 5c0ee579-0058-453d-a23e-441b14db883e lost focus
[2026-06-02 10:08:41.256] [debug] (WindowController) Window 5c0ee579-0058-453d-a23e-441b14db883e focused
[2026-06-02 10:08:41.257] [debug] (WindowController) Window 5c0ee579-0058-453d-a23e-441b14db883e lost focus
[2026-06-02 10:08:41.400] [debug] (WindowController) Window 5c0ee579-0058-453d-a23e-441b14db883e focused
[2026-06-02 10:08:41.402] [debug] (WindowController) Window 5c0ee579-0058-453d-a23e-441b14db883e lost focus
[2026-06-02 10:08:41.624] [debug] (WindowController) Window 5c0ee579-0058-453d-a23e-441b14db883e focused
[2026-06-02 10:08:41.626] [debug] (WindowController) Window 5c0ee579-0058-453d-a23e-441b14db883e lost focus
[2026-06-02 10:08:41.816] [debug] (WindowController) Window 5c0ee579-0058-453d-a23e-441b14db883e focused
[2026-06-02 10:08:41.817] [debug] (WindowController) Window 5c0ee579-0058-453d-a23e-441b14db883e lost focus
[2026-06-02 10:08:42.082] [debug] (WindowController) Window 5c0ee579-0058-453d-a23e-441b14db883e focused
[2026-06-02 10:08:42.510] [debug] (WindowController) Window 5c0ee579-0058-453d-a23e-441b14db883e lost focus
[2026-06-02 10:08:43.498] [debug] (WindowController) Window 5c0ee579-0058-453d-a23e-441b14db883e focused
[2026-06-02 10:08:44.330] [debug] (WindowController) Window 5c0ee579-0058-453d-a23e-441b14db883e lost focus
[2026-06-02 10:08:44.496] [debug] (WindowController) Window 5c0ee579-0058-453d-a23e-441b14db883e focused
[2026-06-02 10:08:44.497] [debug] (WindowController) Window 5c0ee579-0058-453d-a23e-441b14db883e lost focus
[2026-06-02 10:08:44.749] [debug] (WindowController) Window 5c0ee579-0058-453d-a23e-441b14db883e focused
[2026-06-02 10:08:44.913] [debug] (WindowController) Window 5c0ee579-0058-453d-a23e-441b14db883e lost focus
[2026-06-02 10:08:45.167] [debug] (WindowController) Window 5c0ee579-0058-453d-a23e-441b14db883e focused
[2026-06-02 10:08:45.337] [debug] (WindowController) Window 5c0ee579-0058-453d-a23e-441b14db883e lost focus
[2026-06-02 10:08:45.503] [debug] (WindowController) Window 5c0ee579-0058-453d-a23e-441b14db883e focused
[2026-06-02 10:08:45.505] [debug] (WindowController) Window 5c0ee579-0058-453d-a23e-441b14db883e lost focus
[2026-06-02 10:08:45.648] [debug] (WindowController) Window 5c0ee579-0058-453d-a23e-441b14db883e focused
[2026-06-02 10:08:45.649] [debug] (WindowController) Window 5c0ee579-0058-453d-a23e-441b14db883e lost focus
[2026-06-02 10:08:45.917] [debug] (WindowController) Window 5c0ee579-0058-453d-a23e-441b14db883e focused
[2026-06-02 10:08:46.642] [debug] (WindowController) Window 5c0ee579-0058-453d-a23e-441b14db883e lost focus
[2026-06-02 10:08:57.766] [debug] (WindowController) Window 5c0ee579-0058-453d-a23e-441b14db883e focused
[2026-06-02 10:08:59.660] [debug] (WindowController) Window 5c0ee579-0058-453d-a23e-441b14db883e lost focus
[2026-06-02 10:08:59.685] [debug] (WindowController) Window 5c0ee579-0058-453d-a23e-441b14db883e unmaximized
[2026-06-02 10:08:59.685] [debug] (WindowController) Window 5c0ee579-0058-453d-a23e-441b14db883e resized { x: 16, y: 10, width: 1687, height: 896 }
[2026-06-02 10:08:59.686] [debug] (WindowController) Updating view bounds for window 5c0ee579-0058-453d-a23e-441b14db883e: {
  bounds: { x: 16, y: 10, width: 1687, height: 896 },
  isMaximized: false,
  width: 1687,
  height: 896
}
[2026-06-02 10:08:59.686] [debug] (WindowController) Set tab content bounds: { x: 0, y: 32, width: 1687, height: 864 }
[2026-06-02 10:08:59.688] [debug] (WindowController) Updating view bounds for window 5c0ee579-0058-453d-a23e-441b14db883e: {
  bounds: { x: 16, y: 10, width: 1687, height: 896 },
  isMaximized: false,
  width: 1687,
  height: 896
}
[2026-06-02 10:08:59.689] [debug] (WindowController) Set tab content bounds: { x: 0, y: 32, width: 1687, height: 864 }
[2026-06-02 10:09:01.175] [debug] (WindowController) Window 5c0ee579-0058-453d-a23e-441b14db883e maximized
[2026-06-02 10:09:01.176] [debug] (WindowController) Window 5c0ee579-0058-453d-a23e-441b14db883e resized { x: 0, y: 0, width: 1080, height: 1888 }
[2026-06-02 10:09:01.177] [debug] (WindowController) Updating view bounds for window 5c0ee579-0058-453d-a23e-441b14db883e: {
  bounds: { x: 0, y: 0, width: 1080, height: 1888 },
  isMaximized: true,
  width: 1080,
  height: 1888
}
[2026-06-02 10:09:01.177] [debug] (WindowController) Set tab content bounds: { x: 0, y: 32, width: 1080, height: 1856 }
[2026-06-02 10:09:01.178] [debug] (WindowController) Updating view bounds for window 5c0ee579-0058-453d-a23e-441b14db883e: {
  bounds: { x: 0, y: 0, width: 1080, height: 1888 },
  isMaximized: true,
  width: 1080,
  height: 1888
}
[2026-06-02 10:09:01.179] [debug] (WindowController) Set tab content bounds: { x: 0, y: 32, width: 1080, height: 1856 }
[2026-06-02 10:09:01.179] [debug] (WindowController) Window 5c0ee579-0058-453d-a23e-441b14db883e focused
[2026-06-02 10:09:04.549] [debug] (WindowController) Window 5c0ee579-0058-453d-a23e-441b14db883e lost focus
[2026-06-02 10:09:04.872] [debug] (WindowController) Window 5c0ee579-0058-453d-a23e-441b14db883e focused
[2026-06-02 10:09:04.874] [debug] (WindowController) Window 5c0ee579-0058-453d-a23e-441b14db883e lost focus
[2026-06-02 10:09:05.034] [debug] (WindowController) Window 5c0ee579-0058-453d-a23e-441b14db883e focused
[2026-06-02 10:09:05.035] [debug] (WindowController) Window 5c0ee579-0058-453d-a23e-441b14db883e lost focus
[2026-06-02 10:09:06.217] [debug] (WindowController) Window 5c0ee579-0058-453d-a23e-441b14db883e focused
[2026-06-02 10:09:06.218] [debug] (WindowController) Window 5c0ee579-0058-453d-a23e-441b14db883e lost focus
[2026-06-02 10:09:06.417] [debug] (WindowController) Window 5c0ee579-0058-453d-a23e-441b14db883e focused
[2026-06-02 10:09:06.418] [debug] (WindowController) Window 5c0ee579-0058-453d-a23e-441b14db883e lost focus
[2026-06-02 10:09:06.945] [debug] (WindowController) Window 5c0ee579-0058-453d-a23e-441b14db883e focused
[2026-06-02 10:09:06.947] [debug] (WindowController) Window 5c0ee579-0058-453d-a23e-441b14db883e lost focus
[2026-06-02 10:09:07.081] [debug] (WindowController) Window 5c0ee579-0058-453d-a23e-441b14db883e focused
[2026-06-02 10:09:07.082] [debug] (WindowController) Window 5c0ee579-0058-453d-a23e-441b14db883e lost focus
[2026-06-02 10:09:09.817] [debug] (WindowController) Window 5c0ee579-0058-453d-a23e-441b14db883e focused
[2026-06-02 10:09:09.818] [debug] (WindowController) Window 5c0ee579-0058-453d-a23e-441b14db883e lost focus
[2026-06-02 10:09:09.962] [debug] (WindowController) Window 5c0ee579-0058-453d-a23e-441b14db883e focused
[2026-06-02 10:09:09.963] [debug] (WindowController) Window 5c0ee579-0058-453d-a23e-441b14db883e lost focus
[2026-06-02 10:09:10.361] [debug] (WindowController) Window 5c0ee579-0058-453d-a23e-441b14db883e focused
[2026-06-02 10:09:10.362] [debug] (WindowController) Window 5c0ee579-0058-453d-a23e-441b14db883e lost focus
[2026-06-02 10:09:10.665] [debug] (WindowController) Window 5c0ee579-0058-453d-a23e-441b14db883e focused
[2026-06-02 10:09:10.667] [debug] (WindowController) Window 5c0ee579-0058-453d-a23e-441b14db883e lost focus
[2026-06-02 10:09:10.793] [debug] (WindowController) Window 5c0ee579-0058-453d-a23e-441b14db883e focused
[2026-06-02 10:09:10.794] [debug] (WindowController) Window 5c0ee579-0058-453d-a23e-441b14db883e lost focus
[2026-06-02 10:09:17.867] [debug] (WindowController) Window 5c0ee579-0058-453d-a23e-441b14db883e focused
[2026-06-02 10:09:17.868] [debug] (WindowController) Window 5c0ee579-0058-453d-a23e-441b14db883e lost focus
[2026-06-02 10:09:18.017] [debug] (WindowController) Window 5c0ee579-0058-453d-a23e-441b14db883e focused
[2026-06-02 10:09:18.019] [debug] (WindowController) Window 5c0ee579-0058-453d-a23e-441b14db883e lost focus
[2026-06-02 10:09:21.073] [debug] (WindowController) Window 5c0ee579-0058-453d-a23e-441b14db883e focused
[2026-06-02 10:09:21.075] [debug] (WindowController) Window 5c0ee579-0058-453d-a23e-441b14db883e lost focus
[2026-06-02 10:09:21.361] [debug] (WindowController) Window 5c0ee579-0058-453d-a23e-441b14db883e focused
[2026-06-02 10:09:21.362] [debug] (WindowController) Window 5c0ee579-0058-453d-a23e-441b14db883e lost focus
[2026-06-02 10:09:21.482] [debug] (WindowController) Window 5c0ee579-0058-453d-a23e-441b14db883e focused
[2026-06-02 10:09:21.484] [debug] (WindowController) Window 5c0ee579-0058-453d-a23e-441b14db883e lost focus
[2026-06-02 10:10:53.891] [debug] (WindowController) Window 5c0ee579-0058-453d-a23e-441b14db883e focused
[2026-06-02 10:10:54.342] [debug] (WindowController) Window 5c0ee579-0058-453d-a23e-441b14db883e lost focus
[2026-06-02 10:11:21.252] [debug] (WindowController) Window 5c0ee579-0058-453d-a23e-441b14db883e focused
[2026-06-02 10:11:22.421] [debug] (WindowController) Window 5c0ee579-0058-453d-a23e-441b14db883e unmaximized
[2026-06-02 10:11:22.422] [debug] (WindowController) Window 5c0ee579-0058-453d-a23e-441b14db883e lost focus
[2026-06-02 10:11:22.423] [debug] (WindowController) Updating view bounds for window 5c0ee579-0058-453d-a23e-441b14db883e: {
  bounds: { x: 10, y: 10, width: 1699, height: 918 },
  isMaximized: false,
  width: 1699,
  height: 918
}
[2026-06-02 10:11:22.424] [debug] (WindowController) Set tab content bounds: { x: 0, y: 32, width: 1699, height: 886 }
[2026-06-02 10:11:22.434] [debug] (WindowController) Window 5c0ee579-0058-453d-a23e-441b14db883e lost focus
[2026-06-02 10:16:49.359] [debug] (WindowController) Window 5c0ee579-0058-453d-a23e-441b14db883e maximized
[2026-06-02 10:16:49.360] [debug] (WindowController) Updating view bounds for window 5c0ee579-0058-453d-a23e-441b14db883e: {
  bounds: { x: 0, y: 0, width: 1080, height: 1888 },
  isMaximized: true,
  width: 1080,
  height: 1888
}
[2026-06-02 10:16:49.361] [debug] (WindowController) Set tab content bounds: { x: 0, y: 32, width: 1080, height: 1856 }
[2026-06-02 10:16:49.611] [debug] (WindowController) Window 5c0ee579-0058-453d-a23e-441b14db883e focused
[2026-06-02 10:16:50.615] [debug] (WindowController) Window 5c0ee579-0058-453d-a23e-441b14db883e lost focus
[2026-06-02 10:21:45.381] [debug] (WindowController) Window 5c0ee579-0058-453d-a23e-441b14db883e focused
[2026-06-02 10:21:46.686] [debug] (WindowController) Window 5c0ee579-0058-453d-a23e-441b14db883e lost focus
[2026-06-02 10:21:46.722] [debug] (WindowController) Window 5c0ee579-0058-453d-a23e-441b14db883e unmaximized
[2026-06-02 10:21:46.722] [debug] (WindowController) Window 5c0ee579-0058-453d-a23e-441b14db883e resized { x: 16, y: 10, width: 935, height: 485 }
[2026-06-02 10:21:46.723] [debug] (WindowController) Updating view bounds for window 5c0ee579-0058-453d-a23e-441b14db883e: {
  bounds: { x: 16, y: 10, width: 935, height: 485 },
  isMaximized: false,
  width: 935,
  height: 485
}
[2026-06-02 10:21:46.723] [debug] (WindowController) Set tab content bounds: { x: 0, y: 32, width: 935, height: 453 }
[2026-06-02 10:21:46.724] [debug] (WindowController) Updating view bounds for window 5c0ee579-0058-453d-a23e-441b14db883e: {
  bounds: { x: 16, y: 10, width: 935, height: 485 },
  isMaximized: false,
  width: 935,
  height: 485
}
[2026-06-02 10:21:46.724] [debug] (WindowController) Set tab content bounds: { x: 0, y: 32, width: 935, height: 453 }
[2026-06-02 10:21:46.963] [debug] (WindowController) Window 5c0ee579-0058-453d-a23e-441b14db883e focused
[2026-06-02 10:21:47.803] [debug] (WindowController) Window 5c0ee579-0058-453d-a23e-441b14db883e lost focus
[2026-06-02 10:21:48.533] [debug] (WindowController) Window 5c0ee579-0058-453d-a23e-441b14db883e focused
[2026-06-02 10:21:48.842] [debug] (WindowController) Window 5c0ee579-0058-453d-a23e-441b14db883e lost focus
[2026-06-02 10:21:57.687] [debug] (WindowController) Window 5c0ee579-0058-453d-a23e-441b14db883e focused
[2026-06-02 10:21:58.746] [debug] (WindowController) Window 5c0ee579-0058-453d-a23e-441b14db883e lost focus
[2026-06-02 10:22:03.238] [debug] (WindowController) Window 5c0ee579-0058-453d-a23e-441b14db883e focused
[2026-06-02 10:22:04.384] [debug] (WindowController) Window 5c0ee579-0058-453d-a23e-441b14db883e lost focus
[2026-06-02 10:22:04.482] [debug] (WindowController) Window 5c0ee579-0058-453d-a23e-441b14db883e resized { x: 16, y: 10, width: 935, height: 487 }
[2026-06-02 10:22:04.483] [debug] (WindowController) Updating view bounds for window 5c0ee579-0058-453d-a23e-441b14db883e: {
  bounds: { x: 16, y: 10, width: 935, height: 487 },
  isMaximized: false,
  width: 935,
  height: 487
}
[2026-06-02 10:22:04.483] [debug] (WindowController) Set tab content bounds: { x: 0, y: 32, width: 935, height: 455 }
[2026-06-02 10:22:04.495] [debug] (WindowController) Window 5c0ee579-0058-453d-a23e-441b14db883e resized { x: 16, y: 10, width: 935, height: 491 }
[2026-06-02 10:22:04.497] [debug] (WindowController) Updating view bounds for window 5c0ee579-0058-453d-a23e-441b14db883e: {
  bounds: { x: 16, y: 10, width: 935, height: 491 },
  isMaximized: false,
  width: 935,
  height: 491
}
[2026-06-02 10:22:04.497] [debug] (WindowController) Set tab content bounds: { x: 0, y: 32, width: 935, height: 459 }
[2026-06-02 10:22:04.498] [debug] (WindowController) Window 5c0ee579-0058-453d-a23e-441b14db883e resized { x: 16, y: 10, width: 935, height: 503 }
[2026-06-02 10:22:04.500] [debug] (WindowController) Updating view bounds for window 5c0ee579-0058-453d-a23e-441b14db883e: {
  bounds: { x: 16, y: 10, width: 935, height: 503 },
  isMaximized: false,
  width: 935,
  height: 503
}
[2026-06-02 10:22:04.500] [debug] (WindowController) Set tab content bounds: { x: 0, y: 32, width: 935, height: 471 }
[2026-06-02 10:22:04.507] [debug] (WindowController) Window 5c0ee579-0058-453d-a23e-441b14db883e resized { x: 16, y: 10, width: 935, height: 520 }
[2026-06-02 10:22:04.508] [debug] (WindowController) Updating view bounds for window 5c0ee579-0058-453d-a23e-441b14db883e: {
  bounds: { x: 16, y: 10, width: 935, height: 520 },
  isMaximized: false,
  width: 935,
  height: 520
}
[2026-06-02 10:22:04.509] [debug] (WindowController) Set tab content bounds: { x: 0, y: 32, width: 935, height: 488 }
[2026-06-02 10:22:04.524] [debug] (WindowController) Window 5c0ee579-0058-453d-a23e-441b14db883e resized { x: 16, y: 10, width: 935, height: 561 }
[2026-06-02 10:22:04.525] [debug] (WindowController) Updating view bounds for window 5c0ee579-0058-453d-a23e-441b14db883e: {
  bounds: { x: 16, y: 10, width: 935, height: 561 },
  isMaximized: false,
  width: 935,
  height: 561
}
[2026-06-02 10:22:04.526] [debug] (WindowController) Set tab content bounds: { x: 0, y: 32, width: 935, height: 529 }
[2026-06-02 10:22:04.535] [debug] (WindowController) Window 5c0ee579-0058-453d-a23e-441b14db883e resized { x: 16, y: 10, width: 935, height: 591 }
[2026-06-02 10:22:04.536] [debug] (WindowController) Updating view bounds for window 5c0ee579-0058-453d-a23e-441b14db883e: {
  bounds: { x: 16, y: 10, width: 935, height: 591 },
  isMaximized: false,
  width: 935,
  height: 591
}
[2026-06-02 10:22:04.536] [debug] (WindowController) Set tab content bounds: { x: 0, y: 32, width: 935, height: 559 }
[2026-06-02 10:22:04.538] [debug] (WindowController) Window 5c0ee579-0058-453d-a23e-441b14db883e resized { x: 16, y: 10, width: 935, height: 625 }
[2026-06-02 10:22:04.539] [debug] (WindowController) Updating view bounds for window 5c0ee579-0058-453d-a23e-441b14db883e: {
  bounds: { x: 16, y: 10, width: 935, height: 625 },
  isMaximized: false,
  width: 935,
  height: 625
}
[2026-06-02 10:22:04.539] [debug] (WindowController) Set tab content bounds: { x: 0, y: 32, width: 935, height: 593 }
[2026-06-02 10:22:04.550] [debug] (WindowController) Window 5c0ee579-0058-453d-a23e-441b14db883e resized { x: 16, y: 10, width: 935, height: 655 }
[2026-06-02 10:22:04.551] [debug] (WindowController) Updating view bounds for window 5c0ee579-0058-453d-a23e-441b14db883e: {
  bounds: { x: 16, y: 10, width: 935, height: 655 },
  isMaximized: false,
  width: 935,
  height: 655
}
[2026-06-02 10:22:04.551] [debug] (WindowController) Set tab content bounds: { x: 0, y: 32, width: 935, height: 623 }
[2026-06-02 10:22:04.566] [debug] (WindowController) Window 5c0ee579-0058-453d-a23e-441b14db883e resized { x: 16, y: 10, width: 935, height: 715 }
[2026-06-02 10:22:04.567] [debug] (WindowController) Updating view bounds for window 5c0ee579-0058-453d-a23e-441b14db883e: {
  bounds: { x: 16, y: 10, width: 935, height: 715 },
  isMaximized: false,
  width: 935,
  height: 715
}
[2026-06-02 10:22:04.567] [debug] (WindowController) Set tab content bounds: { x: 0, y: 32, width: 935, height: 683 }
[2026-06-02 10:22:04.571] [debug] (WindowController) Window 5c0ee579-0058-453d-a23e-441b14db883e resized { x: 16, y: 10, width: 935, height: 737 }
[2026-06-02 10:22:04.572] [debug] (WindowController) Updating view bounds for window 5c0ee579-0058-453d-a23e-441b14db883e: {
  bounds: { x: 16, y: 10, width: 935, height: 737 },
  isMaximized: false,
  width: 935,
  height: 737
}
[2026-06-02 10:22:04.573] [debug] (WindowController) Set tab content bounds: { x: 0, y: 32, width: 935, height: 705 }
[2026-06-02 10:22:04.583] [debug] (WindowController) Window 5c0ee579-0058-453d-a23e-441b14db883e resized { x: 16, y: 10, width: 935, height: 755 }
[2026-06-02 10:22:04.584] [debug] (WindowController) Updating view bounds for window 5c0ee579-0058-453d-a23e-441b14db883e: {
  bounds: { x: 16, y: 10, width: 935, height: 755 },
  isMaximized: false,
  width: 935,
  height: 755
}
[2026-06-02 10:22:04.584] [debug] (WindowController) Set tab content bounds: { x: 0, y: 32, width: 935, height: 723 }
[2026-06-02 10:22:04.599] [debug] (WindowController) Window 5c0ee579-0058-453d-a23e-441b14db883e resized { x: 16, y: 10, width: 935, height: 781 }
[2026-06-02 10:22:04.600] [debug] (WindowController) Updating view bounds for window 5c0ee579-0058-453d-a23e-441b14db883e: {
  bounds: { x: 16, y: 10, width: 935, height: 781 },
  isMaximized: false,
  width: 935,
  height: 781
}
[2026-06-02 10:22:04.601] [debug] (WindowController) Set tab content bounds: { x: 0, y: 32, width: 935, height: 749 }
[2026-06-02 10:22:04.603] [debug] (WindowController) Window 5c0ee579-0058-453d-a23e-441b14db883e resized { x: 16, y: 10, width: 935, height: 794 }
[2026-06-02 10:22:04.604] [debug] (WindowController) Updating view bounds for window 5c0ee579-0058-453d-a23e-441b14db883e: {
  bounds: { x: 16, y: 10, width: 935, height: 794 },
  isMaximized: false,
  width: 935,
  height: 794
}
[2026-06-02 10:22:04.604] [debug] (WindowController) Set tab content bounds: { x: 0, y: 32, width: 935, height: 762 }
[2026-06-02 10:22:04.615] [debug] (WindowController) Window 5c0ee579-0058-453d-a23e-441b14db883e resized { x: 16, y: 10, width: 935, height: 803 }
[2026-06-02 10:22:04.617] [debug] (WindowController) Updating view bounds for window 5c0ee579-0058-453d-a23e-441b14db883e: {
  bounds: { x: 16, y: 10, width: 935, height: 803 },
  isMaximized: false,
  width: 935,
  height: 803
}
[2026-06-02 10:22:04.617] [debug] (WindowController) Set tab content bounds: { x: 0, y: 32, width: 935, height: 771 }
[2026-06-02 10:22:04.631] [debug] (WindowController) Window 5c0ee579-0058-453d-a23e-441b14db883e resized { x: 16, y: 10, width: 935, height: 820 }
[2026-06-02 10:22:04.632] [debug] (WindowController) Updating view bounds for window 5c0ee579-0058-453d-a23e-441b14db883e: {
  bounds: { x: 16, y: 10, width: 935, height: 820 },
  isMaximized: false,
  width: 935,
  height: 820
}
[2026-06-02 10:22:04.633] [debug] (WindowController) Set tab content bounds: { x: 0, y: 32, width: 935, height: 788 }
[2026-06-02 10:22:04.637] [debug] (WindowController) Window 5c0ee579-0058-453d-a23e-441b14db883e resized { x: 16, y: 10, width: 935, height: 825 }
[2026-06-02 10:22:04.638] [debug] (WindowController) Updating view bounds for window 5c0ee579-0058-453d-a23e-441b14db883e: {
  bounds: { x: 16, y: 10, width: 935, height: 825 },
  isMaximized: false,
  width: 935,
  height: 825
}
[2026-06-02 10:22:04.639] [debug] (WindowController) Set tab content bounds: { x: 0, y: 32, width: 935, height: 793 }
[2026-06-02 10:22:04.649] [debug] (WindowController) Window 5c0ee579-0058-453d-a23e-441b14db883e resized { x: 16, y: 10, width: 935, height: 829 }
[2026-06-02 10:22:04.650] [debug] (WindowController) Updating view bounds for window 5c0ee579-0058-453d-a23e-441b14db883e: {
  bounds: { x: 16, y: 10, width: 935, height: 829 },
  isMaximized: false,
  width: 935,
  height: 829
}
[2026-06-02 10:22:04.651] [debug] (WindowController) Set tab content bounds: { x: 0, y: 32, width: 935, height: 797 }
[2026-06-02 10:22:04.666] [debug] (WindowController) Window 5c0ee579-0058-453d-a23e-441b14db883e resized { x: 16, y: 10, width: 935, height: 838 }
[2026-06-02 10:22:04.667] [debug] (WindowController) Updating view bounds for window 5c0ee579-0058-453d-a23e-441b14db883e: {
  bounds: { x: 16, y: 10, width: 935, height: 838 },
  isMaximized: false,
  width: 935,
  height: 838
}
[2026-06-02 10:22:04.668] [debug] (WindowController) Set tab content bounds: { x: 0, y: 32, width: 935, height: 806 }
[2026-06-02 10:22:04.669] [debug] (WindowController) Window 5c0ee579-0058-453d-a23e-441b14db883e resized { x: 16, y: 10, width: 935, height: 841 }
[2026-06-02 10:22:04.670] [debug] (WindowController) Updating view bounds for window 5c0ee579-0058-453d-a23e-441b14db883e: {
  bounds: { x: 16, y: 10, width: 935, height: 841 },
  isMaximized: false,
  width: 935,
  height: 841
}
[2026-06-02 10:22:04.670] [debug] (WindowController) Set tab content bounds: { x: 0, y: 32, width: 935, height: 809 }
[2026-06-02 10:22:04.681] [debug] (WindowController) Window 5c0ee579-0058-453d-a23e-441b14db883e resized { x: 16, y: 10, width: 935, height: 843 }
[2026-06-02 10:22:04.683] [debug] (WindowController) Updating view bounds for window 5c0ee579-0058-453d-a23e-441b14db883e: {
  bounds: { x: 16, y: 10, width: 935, height: 843 },
  isMaximized: false,
  width: 935,
  height: 843
}
[2026-06-02 10:22:04.683] [debug] (WindowController) Set tab content bounds: { x: 0, y: 32, width: 935, height: 811 }
[2026-06-02 10:22:04.698] [debug] (WindowController) Window 5c0ee579-0058-453d-a23e-441b14db883e resized { x: 16, y: 10, width: 935, height: 847 }
[2026-06-02 10:22:04.699] [debug] (WindowController) Updating view bounds for window 5c0ee579-0058-453d-a23e-441b14db883e: {
  bounds: { x: 16, y: 10, width: 935, height: 847 },
  isMaximized: false,
  width: 935,
  height: 847
}
[2026-06-02 10:22:04.699] [debug] (WindowController) Set tab content bounds: { x: 0, y: 32, width: 935, height: 815 }
[2026-06-02 10:22:04.709] [debug] (WindowController) Window 5c0ee579-0058-453d-a23e-441b14db883e resized { x: 16, y: 10, width: 935, height: 848 }
[2026-06-02 10:22:04.710] [debug] (WindowController) Updating view bounds for window 5c0ee579-0058-453d-a23e-441b14db883e: {
  bounds: { x: 16, y: 10, width: 935, height: 848 },
  isMaximized: false,
  width: 935,
  height: 848
}
[2026-06-02 10:22:04.711] [debug] (WindowController) Set tab content bounds: { x: 0, y: 32, width: 935, height: 816 }
[2026-06-02 10:22:04.920] [debug] (WindowController) Window 5c0ee579-0058-453d-a23e-441b14db883e resized { x: 16, y: 10, width: 935, height: 846 }
[2026-06-02 10:22:04.921] [debug] (WindowController) Updating view bounds for window 5c0ee579-0058-453d-a23e-441b14db883e: {
  bounds: { x: 16, y: 10, width: 935, height: 846 },
  isMaximized: false,
  width: 935,
  height: 846
}
[2026-06-02 10:22:04.921] [debug] (WindowController) Set tab content bounds: { x: 0, y: 32, width: 935, height: 814 }
[2026-06-02 10:22:04.931] [debug] (WindowController) Window 5c0ee579-0058-453d-a23e-441b14db883e resized { x: 16, y: 10, width: 935, height: 845 }
[2026-06-02 10:22:04.932] [debug] (WindowController) Updating view bounds for window 5c0ee579-0058-453d-a23e-441b14db883e: {
  bounds: { x: 16, y: 10, width: 935, height: 845 },
  isMaximized: false,
  width: 935,
  height: 845
}
[2026-06-02 10:22:04.932] [debug] (WindowController) Set tab content bounds: { x: 0, y: 32, width: 935, height: 813 }
[2026-06-02 10:22:04.934] [debug] (WindowController) Window 5c0ee579-0058-453d-a23e-441b14db883e focused
[2026-06-02 10:22:05.627] [debug] (WindowController) Window 5c0ee579-0058-453d-a23e-441b14db883e lost focus
[2026-06-02 10:22:15.874] [debug] (WindowController) Window 5c0ee579-0058-453d-a23e-441b14db883e focused
[2026-06-02 10:22:18.420] [debug] (WindowController) Window 5c0ee579-0058-453d-a23e-441b14db883e lost focus
[2026-06-02 10:22:19.163] [debug] (WindowController) Window 5c0ee579-0058-453d-a23e-441b14db883e focused
[2026-06-02 10:22:19.515] [debug] (WindowController) Window 5c0ee579-0058-453d-a23e-441b14db883e lost focus
[2026-06-02 10:22:19.790] [debug] (WindowController) Window 5c0ee579-0058-453d-a23e-441b14db883e focused
[2026-06-02 10:22:20.161] [debug] (WindowController) Window 5c0ee579-0058-453d-a23e-441b14db883e lost focus
[2026-06-02 10:22:21.157] [debug] (WindowController) Window 5c0ee579-0058-453d-a23e-441b14db883e focused
[2026-06-02 10:22:21.448] [debug] (WindowController) Window 5c0ee579-0058-453d-a23e-441b14db883e lost focus
[2026-06-02 10:22:21.674] [debug] (WindowController) Window 5c0ee579-0058-453d-a23e-441b14db883e focused
[2026-06-02 10:22:21.883] [debug] (WindowController) Window 5c0ee579-0058-453d-a23e-441b14db883e lost focus
[2026-06-02 10:22:37.715] [debug] (WindowController) Window 5c0ee579-0058-453d-a23e-441b14db883e resized { x: 16, y: 10, width: 1080, height: 1888 }
[2026-06-02 10:22:37.717] [debug] (WindowController) Updating view bounds for window 5c0ee579-0058-453d-a23e-441b14db883e: {
  bounds: { x: 16, y: 10, width: 1080, height: 1888 },
  isMaximized: false,
  width: 1080,
  height: 1888
}
[2026-06-02 10:22:37.717] [debug] (WindowController) Set tab content bounds: { x: 0, y: 32, width: 1080, height: 1856 }
[2026-06-02 10:25:11.326] [debug] (WindowController) Window 5c0ee579-0058-453d-a23e-441b14db883e focused
[2026-06-02 10:25:11.929] [debug] (WindowController) Window 5c0ee579-0058-453d-a23e-441b14db883e lost focus
[2026-06-02 10:25:12.351] [debug] (WindowController) Window 5c0ee579-0058-453d-a23e-441b14db883e focused
[2026-06-02 10:25:16.022] [debug] (WindowController) Window 5c0ee579-0058-453d-a23e-441b14db883e lost focus
[2026-06-02 10:25:19.500] [debug] (WindowController) Window 5c0ee579-0058-453d-a23e-441b14db883e focused
[2026-06-02 10:25:19.511] [debug] (WindowController) Window 5c0ee579-0058-453d-a23e-441b14db883e lost focus
[2026-06-02 10:25:24.099] [debug] (WindowController) Window 5c0ee579-0058-453d-a23e-441b14db883e focused
[2026-06-02 10:25:24.390] [debug] (WindowController) Window 5c0ee579-0058-453d-a23e-441b14db883e lost focus
[2026-06-02 10:25:25.163] [debug] (WindowController) Window 5c0ee579-0058-453d-a23e-441b14db883e focused
[2026-06-02 10:25:25.896] [debug] (WindowController) Window 5c0ee579-0058-453d-a23e-441b14db883e lost focus
[2026-06-02 10:25:37.343] [debug] (WindowController) Window 5c0ee579-0058-453d-a23e-441b14db883e focused
[2026-06-02 10:25:38.111] [debug] (WindowController) Window 5c0ee579-0058-453d-a23e-441b14db883e lost focus
[2026-06-02 10:25:57.296] [debug] (WindowController) Window 5c0ee579-0058-453d-a23e-441b14db883e focused
[2026-06-02 10:26:00.208] [debug] (WindowController) Window 5c0ee579-0058-453d-a23e-441b14db883e resized { x: 16, y: 10, width: 1080, height: 1853 }
[2026-06-02 10:26:00.210] [debug] (WindowController) Updating view bounds for window 5c0ee579-0058-453d-a23e-441b14db883e: {
  bounds: { x: 16, y: 10, width: 1080, height: 1853 },
  isMaximized: false,
  width: 1080,
  height: 1853
}
[2026-06-02 10:26:00.211] [debug] (WindowController) Set tab content bounds: { x: 0, y: 32, width: 1080, height: 1821 }
[2026-06-02 10:26:04.697] [debug] (WindowController) Window 5c0ee579-0058-453d-a23e-441b14db883e resized { x: 16, y: 10, width: 1080, height: 1888 }
[2026-06-02 10:26:04.698] [debug] (WindowController) Updating view bounds for window 5c0ee579-0058-453d-a23e-441b14db883e: {
  bounds: { x: 16, y: 10, width: 1080, height: 1888 },
  isMaximized: false,
  width: 1080,
  height: 1888
}
[2026-06-02 10:26:04.699] [debug] (WindowController) Set tab content bounds: { x: 0, y: 32, width: 1080, height: 1856 }
[2026-06-02 10:26:05.228] [debug] (WindowController) Window 5c0ee579-0058-453d-a23e-441b14db883e resized { x: 16, y: 10, width: 1080, height: 1853 }
[2026-06-02 10:26:05.229] [debug] (WindowController) Updating view bounds for window 5c0ee579-0058-453d-a23e-441b14db883e: {
  bounds: { x: 16, y: 10, width: 1080, height: 1853 },
  isMaximized: false,
  width: 1080,
  height: 1853
}
[2026-06-02 10:26:05.229] [debug] (WindowController) Set tab content bounds: { x: 0, y: 32, width: 1080, height: 1821 }
[2026-06-02 10:26:05.656] [debug] (WindowController) Window 5c0ee579-0058-453d-a23e-441b14db883e resized { x: 16, y: 10, width: 1080, height: 1888 }
[2026-06-02 10:26:05.657] [debug] (WindowController) Updating view bounds for window 5c0ee579-0058-453d-a23e-441b14db883e: {
  bounds: { x: 16, y: 10, width: 1080, height: 1888 },
  isMaximized: false,
  width: 1080,
  height: 1888
}
[2026-06-02 10:26:05.658] [debug] (WindowController) Set tab content bounds: { x: 0, y: 32, width: 1080, height: 1856 }
[2026-06-02 10:26:05.912] [debug] (WindowController) Window 5c0ee579-0058-453d-a23e-441b14db883e resized { x: 16, y: 10, width: 1080, height: 1853 }
[2026-06-02 10:26:05.914] [debug] (WindowController) Updating view bounds for window 5c0ee579-0058-453d-a23e-441b14db883e: {
  bounds: { x: 16, y: 10, width: 1080, height: 1853 },
  isMaximized: false,
  width: 1080,
  height: 1853
}
[2026-06-02 10:26:05.915] [debug] (WindowController) Set tab content bounds: { x: 0, y: 32, width: 1080, height: 1821 }
[2026-06-02 10:26:11.211] [debug] (WindowController) Window 5c0ee579-0058-453d-a23e-441b14db883e resized { x: 16, y: 10, width: 1080, height: 1888 }
[2026-06-02 10:26:11.212] [debug] (WindowController) Updating view bounds for window 5c0ee579-0058-453d-a23e-441b14db883e: {
  bounds: { x: 16, y: 10, width: 1080, height: 1888 },
  isMaximized: false,
  width: 1080,
  height: 1888
}
[2026-06-02 10:26:11.212] [debug] (WindowController) Set tab content bounds: { x: 0, y: 32, width: 1080, height: 1856 }
[2026-06-02 10:26:14.305] [debug] (WindowController) Window 5c0ee579-0058-453d-a23e-441b14db883e lost focus
[2026-06-02 10:26:14.721] [debug] (WindowController) Window 5c0ee579-0058-453d-a23e-441b14db883e focused
[2026-06-02 10:26:15.839] [debug] (WindowController) Window 5c0ee579-0058-453d-a23e-441b14db883e lost focus
[2026-06-02 10:26:16.257] [debug] (WindowController) Window 5c0ee579-0058-453d-a23e-441b14db883e focused
[2026-06-02 10:26:16.857] [debug] (WindowController) Window 5c0ee579-0058-453d-a23e-441b14db883e lost focus
[2026-06-02 10:26:19.313] [debug] (WindowController) Window 5c0ee579-0058-453d-a23e-441b14db883e focused
[2026-06-02 10:26:21.145] [debug] (WindowController) Window 5c0ee579-0058-453d-a23e-441b14db883e lost focus
[2026-06-02 10:26:21.306] [debug] (WindowController) Window 5c0ee579-0058-453d-a23e-441b14db883e focused
[2026-06-02 10:26:25.567] [debug] (WindowController) Window 5c0ee579-0058-453d-a23e-441b14db883e lost focus
[2026-06-02 10:26:25.860] [debug] (WindowController) Window 5c0ee579-0058-453d-a23e-441b14db883e focused
[2026-06-02 10:26:26.649] [debug] (WindowController) Window 5c0ee579-0058-453d-a23e-441b14db883e lost focus
[2026-06-02 10:26:27.710] [debug] (WindowController) Window 5c0ee579-0058-453d-a23e-441b14db883e focused
[2026-06-02 10:26:40.521] [debug] (WindowController) Window 5c0ee579-0058-453d-a23e-441b14db883e resized { x: 16, y: 10, width: 1080, height: 1853 }
[2026-06-02 10:26:40.523] [debug] (WindowController) Updating view bounds for window 5c0ee579-0058-453d-a23e-441b14db883e: {
  bounds: { x: 16, y: 10, width: 1080, height: 1853 },
  isMaximized: false,
  width: 1080,
  height: 1853
}
[2026-06-02 10:26:40.523] [debug] (WindowController) Set tab content bounds: { x: 0, y: 32, width: 1080, height: 1821 }
[2026-06-02 10:26:42.374] [debug] (WindowController) Window 5c0ee579-0058-453d-a23e-441b14db883e lost focus
[2026-06-02 10:26:51.713] [debug] (WindowController) Window 5c0ee579-0058-453d-a23e-441b14db883e focused
[2026-06-02 10:27:05.374] [debug] (WindowController) Window 5c0ee579-0058-453d-a23e-441b14db883e lost focus
[2026-06-02 10:27:05.539] [debug] (WindowController) Window 5c0ee579-0058-453d-a23e-441b14db883e focused
[2026-06-02 10:27:05.540] [debug] (WindowController) Window 5c0ee579-0058-453d-a23e-441b14db883e lost focus
[2026-06-02 10:27:05.700] [debug] (WindowController) Window 5c0ee579-0058-453d-a23e-441b14db883e focused
[2026-06-02 10:27:05.701] [debug] (WindowController) Window 5c0ee579-0058-453d-a23e-441b14db883e lost focus
[2026-06-02 10:27:05.959] [debug] (WindowController) Window 5c0ee579-0058-453d-a23e-441b14db883e focused
[2026-06-02 10:27:06.091] [debug] (WindowController) Window 5c0ee579-0058-453d-a23e-441b14db883e lost focus
[2026-06-02 10:27:06.359] [debug] (WindowController) Window 5c0ee579-0058-453d-a23e-441b14db883e focused
[2026-06-02 10:27:06.612] [debug] (WindowController) Window 5c0ee579-0058-453d-a23e-441b14db883e lost focus
[2026-06-02 10:27:06.875] [debug] (WindowController) Window 5c0ee579-0058-453d-a23e-441b14db883e focused
[2026-06-02 10:27:07.035] [debug] (WindowController) Window 5c0ee579-0058-453d-a23e-441b14db883e lost focus
[2026-06-02 10:27:07.292] [debug] (WindowController) Window 5c0ee579-0058-453d-a23e-441b14db883e focused
[2026-06-02 10:27:07.341] [debug] (WindowController) Window 5c0ee579-0058-453d-a23e-441b14db883e lost focus
[2026-06-02 10:27:07.611] [debug] (WindowController) Window 5c0ee579-0058-453d-a23e-441b14db883e focused
[2026-06-02 10:27:07.645] [debug] (WindowController) Window 5c0ee579-0058-453d-a23e-441b14db883e lost focus
[2026-06-02 10:27:07.910] [debug] (WindowController) Window 5c0ee579-0058-453d-a23e-441b14db883e focused
[2026-06-02 10:27:07.935] [debug] (WindowController) Window 5c0ee579-0058-453d-a23e-441b14db883e lost focus
[2026-06-02 10:27:08.194] [debug] (WindowController) Window 5c0ee579-0058-453d-a23e-441b14db883e focused
[2026-06-02 10:27:08.285] [debug] (WindowController) Window 5c0ee579-0058-453d-a23e-441b14db883e lost focus
[2026-06-02 10:27:08.536] [debug] (WindowController) Window 5c0ee579-0058-453d-a23e-441b14db883e focused
[2026-06-02 10:27:09.269] [debug] (WindowController) Window 5c0ee579-0058-453d-a23e-441b14db883e lost focus
[2026-06-02 10:27:09.418] [debug] (WindowController) Window 5c0ee579-0058-453d-a23e-441b14db883e focused
[2026-06-02 10:27:09.419] [debug] (WindowController) Window 5c0ee579-0058-453d-a23e-441b14db883e lost focus
[2026-06-02 10:27:09.579] [debug] (WindowController) Window 5c0ee579-0058-453d-a23e-441b14db883e focused
[2026-06-02 10:27:09.581] [debug] (WindowController) Window 5c0ee579-0058-453d-a23e-441b14db883e lost focus
[2026-06-02 10:27:09.840] [debug] (WindowController) Window 5c0ee579-0058-453d-a23e-441b14db883e focused
[2026-06-02 10:27:10.524] [debug] (WindowController) Window 5c0ee579-0058-453d-a23e-441b14db883e lost focus
[2026-06-02 10:27:10.787] [debug] (WindowController) Window 5c0ee579-0058-453d-a23e-441b14db883e focused
[2026-06-02 10:27:10.844] [debug] (WindowController) Window 5c0ee579-0058-453d-a23e-441b14db883e lost focus
[2026-06-02 10:27:10.996] [debug] (WindowController) Window 5c0ee579-0058-453d-a23e-441b14db883e focused
[2026-06-02 10:27:10.997] [debug] (WindowController) Window 5c0ee579-0058-453d-a23e-441b14db883e lost focus
[2026-06-02 10:27:11.254] [debug] (WindowController) Window 5c0ee579-0058-453d-a23e-441b14db883e focused
[2026-06-02 10:27:12.222] [debug] (WindowController) Window 5c0ee579-0058-453d-a23e-441b14db883e lost focus
[2026-06-02 10:27:12.464] [debug] (WindowController) Window 5c0ee579-0058-453d-a23e-441b14db883e focused
[2026-06-02 10:27:12.591] [debug] (WindowController) Window 5c0ee579-0058-453d-a23e-441b14db883e lost focus
[2026-06-02 10:27:12.755] [debug] (WindowController) Window 5c0ee579-0058-453d-a23e-441b14db883e focused
[2026-06-02 10:27:12.756] [debug] (WindowController) Window 5c0ee579-0058-453d-a23e-441b14db883e lost focus
[2026-06-02 10:27:12.897] [debug] (WindowController) Window 5c0ee579-0058-453d-a23e-441b14db883e focused
[2026-06-02 10:27:12.899] [debug] (WindowController) Window 5c0ee579-0058-453d-a23e-441b14db883e lost focus
[2026-06-02 10:27:13.164] [debug] (WindowController) Window 5c0ee579-0058-453d-a23e-441b14db883e focused
[2026-06-02 10:27:13.420] [debug] (WindowController) Window 5c0ee579-0058-453d-a23e-441b14db883e lost focus
[2026-06-02 10:27:13.682] [debug] (WindowController) Window 5c0ee579-0058-453d-a23e-441b14db883e focused
[2026-06-02 10:27:13.922] [debug] (WindowController) Window 5c0ee579-0058-453d-a23e-441b14db883e lost focus
[2026-06-02 10:27:14.182] [debug] (WindowController) Window 5c0ee579-0058-453d-a23e-441b14db883e focused
[2026-06-02 10:27:15.227] [debug] (WindowController) Window 5c0ee579-0058-453d-a23e-441b14db883e lost focus
[2026-06-02 10:27:15.990] [debug] (WindowController) Window 5c0ee579-0058-453d-a23e-441b14db883e focused
[2026-06-02 10:27:16.784] [info]  (WindowController) Window 5c0ee579-0058-453d-a23e-441b14db883e closed
[2026-06-02 10:27:16.786] [info]  (AppController)    AppController handling closed window: 5c0ee579-0058-453d-a23e-441b14db883e
[2026-06-02 10:27:16.786] [info]  (AppController)    WindowController for 5c0ee579-0058-453d-a23e-441b14db883e removed. Remaining windows: 0
[2026-06-02 10:27:16.786] [info]  (AppController)    Last window closed on non-darwin platform, quitting application.
[2026-06-02 10:27:16.786] [info]  (AppController)    App before-quit event triggered in AppController
[2026-06-02 10:27:25.409] [info]                     Requesting single instance lock... Got lock: true
[2026-06-02 10:27:25.412] [info]                     Single instance lock acquired successfully
[2026-06-02 10:27:25.413] [info]  (AppController)    AppController initialized
[2026-06-02 10:27:25.414] [info]  (AppController)    Initializing app event handlers in AppController
[2026-06-02 10:27:25.414] [info]  (TabManager)       TabManager initialized
[2026-06-02 10:27:25.414] [info]  (AppController)    TabManager initialized
[2026-06-02 10:27:25.484] [info]  (AppController)    Electron app is ready via AppController
[2026-06-02 10:27:25.485] [info]  (AppController)    AppController: creating new window with id: 3dff4d7f-b9db-4658-949a-f78784e51d21 {}
[2026-06-02 10:27:25.486] [info]  (WindowController) WindowController initialized for windowId: 3dff4d7f-b9db-4658-949a-f78784e51d21 (useNativeFrame=false)
[2026-06-02 10:27:25.486] [info]  (WindowController) Initializing window: 3dff4d7f-b9db-4658-949a-f78784e51d21
[2026-06-02 10:27:25.511] [info]  (WindowController) BrowserWindow created for 3dff4d7f-b9db-4658-949a-f78784e51d21
[2026-06-02 10:27:25.513] [info]  (WindowController) [SpellCheck] Setting spell checker languages: ["en-US"]
[2026-06-02 10:27:25.513] [info]  (WindowController) [SpellCheck] setSpellCheckerLanguages result: undefined
[2026-06-02 10:27:25.513] [info]  (WindowController) Creating tab bar for window 3dff4d7f-b9db-4658-949a-f78784e51d21
[2026-06-02 10:27:25.517] [debug] (WindowController) Updating view bounds for window 3dff4d7f-b9db-4658-949a-f78784e51d21: {
  bounds: { x: 16, y: 570, width: 1200, height: 800 },
  isMaximized: false,
  width: 1200,
  height: 800
}
[2026-06-02 10:27:25.520] [info]  (WindowController) Creating initial tab for window 3dff4d7f-b9db-4658-949a-f78784e51d21
[2026-06-02 10:27:25.520] [info]  (TabManager)       Creating tab fbc377bc-321f-4f40-972d-992d66bb2664 in window 3dff4d7f-b9db-4658-949a-f78784e51d21
[2026-06-02 10:27:25.524] [info]  (TabController)    TabController initialized for tab: fbc377bc-321f-4f40-972d-992d66bb2664 in window: 3dff4d7f-b9db-4658-949a-f78784e51d21
[2026-06-02 10:27:25.524] [info]  (TabController)    Initializing tab: fbc377bc-321f-4f40-972d-992d66bb2664
[2026-06-02 10:27:25.526] [debug] (TabController)    Tab fbc377bc-321f-4f40-972d-992d66bb2664: Spell checker languages set to en-US
[2026-06-02 10:27:25.526] [debug] (TabController)    Tab fbc377bc-321f-4f40-972d-992d66bb2664: Spell checker enabled: true
[2026-06-02 10:27:25.526] [debug] (TabController)    WebContentsView created for tab: fbc377bc-321f-4f40-972d-992d66bb2664
[2026-06-02 10:27:25.526] [debug] (TabController)    Event listeners set up for tab: fbc377bc-321f-4f40-972d-992d66bb2664
[2026-06-02 10:27:25.526] [info]  (TabController)    Tab fbc377bc-321f-4f40-972d-992d66bb2664: Loading URL https://www.notion.so
[2026-06-02 10:27:25.528] [debug] (TabController)    Tab fbc377bc-321f-4f40-972d-992d66bb2664: Page loading...
[2026-06-02 10:27:25.534] [info]  (TabManager)       Tab fbc377bc-321f-4f40-972d-992d66bb2664 created successfully. Total tabs: 1
[2026-06-02 10:27:25.534] [info]  (WindowController) Setting active tab fbc377bc-321f-4f40-972d-992d66bb2664 for window 3dff4d7f-b9db-4658-949a-f78784e51d21
[2026-06-02 10:27:25.535] [debug] (WindowController) Updating view bounds for window 3dff4d7f-b9db-4658-949a-f78784e51d21: {
  bounds: { x: 16, y: 570, width: 1200, height: 800 },
  isMaximized: false,
  width: 1200,
  height: 800
}
[2026-06-02 10:27:25.535] [debug] (WindowController) Set tab content bounds: { x: 0, y: 32, width: 1200, height: 768 }
[2026-06-02 10:27:25.538] [debug] (TabController)    Tab fbc377bc-321f-4f40-972d-992d66bb2664: Now visible
[2026-06-02 10:27:25.543] [info]  (WindowController) Showing window: 3dff4d7f-b9db-4658-949a-f78784e51d21
[2026-06-02 10:27:25.544] [debug] (WindowController) Updating view bounds for window 3dff4d7f-b9db-4658-949a-f78784e51d21: {
  bounds: { x: 16, y: 570, width: 1200, height: 800 },
  isMaximized: false,
  width: 1200,
  height: 800
}
[2026-06-02 10:27:25.544] [debug] (WindowController) Set tab content bounds: { x: 0, y: 32, width: 1200, height: 768 }
[2026-06-02 10:27:25.545] [info]  (WindowController) Focusing window: 3dff4d7f-b9db-4658-949a-f78784e51d21
[2026-06-02 10:27:25.545] [info]  (AppController)    WindowController for 3dff4d7f-b9db-4658-949a-f78784e51d21 created and initialized. Total windows: 1
[2026-06-02 10:27:25.722] [debug] (WindowController) Updating view bounds for window 3dff4d7f-b9db-4658-949a-f78784e51d21: {
  bounds: { x: 16, y: 570, width: 1200, height: 800 },
  isMaximized: false,
  width: 1200,
  height: 800
}
[2026-06-02 10:27:25.722] [debug] (WindowController) Set tab content bounds: { x: 0, y: 32, width: 1200, height: 768 }
[2026-06-02 10:27:25.772] [debug] (TabController)    Tab fbc377bc-321f-4f40-972d-992d66bb2664: Navigated to https://www.notion.so/
[2026-06-02 10:27:25.799] [debug] (TabController)    Tab fbc377bc-321f-4f40-972d-992d66bb2664: Title updated to "Notion"
[2026-06-02 10:27:26.422] [debug] (TabController)    Tab fbc377bc-321f-4f40-972d-992d66bb2664: In-page navigation to https://www.notion.so/
[2026-06-02 10:27:26.440] [debug] (TabController)    Tab fbc377bc-321f-4f40-972d-992d66bb2664: Page loaded
[2026-06-02 10:27:26.442] [debug] (TabController)    Tab fbc377bc-321f-4f40-972d-992d66bb2664: Favicon updated
[2026-06-02 10:27:26.585] [debug] (TabController)    Tab fbc377bc-321f-4f40-972d-992d66bb2664: Page loading...
[2026-06-02 10:27:26.588] [debug] (TabController)    Tab fbc377bc-321f-4f40-972d-992d66bb2664: In-page navigation to https://www.notion.so/7f82100715b64a148aa798369ff2b314?pvs=66
[2026-06-02 10:27:26.615] [debug] (TabController)    Tab fbc377bc-321f-4f40-972d-992d66bb2664: Title updated to "Home"
[2026-06-02 10:27:26.984] [debug] (TabController)    Tab fbc377bc-321f-4f40-972d-992d66bb2664: Favicon updated
[2026-06-02 10:27:27.537] [debug] (TabController)    Tab fbc377bc-321f-4f40-972d-992d66bb2664: Page loading...
[2026-06-02 10:27:27.538] [debug] (TabController)    Tab fbc377bc-321f-4f40-972d-992d66bb2664: In-page navigation to https://www.notion.so/myousuf/7f82100715b64a148aa798369ff2b314
[2026-06-02 10:27:29.043] [debug] (TabController)    Tab fbc377bc-321f-4f40-972d-992d66bb2664: Page loading...
[2026-06-02 10:27:31.962] [debug] (WindowController) Window 3dff4d7f-b9db-4658-949a-f78784e51d21 moved { x: 16, y: 10, width: 1080, height: 1888 }
[2026-06-02 10:27:31.964] [debug] (WindowController) Window 3dff4d7f-b9db-4658-949a-f78784e51d21 resized { x: 16, y: 10, width: 1080, height: 1888 }
[2026-06-02 10:27:31.965] [debug] (WindowController) Updating view bounds for window 3dff4d7f-b9db-4658-949a-f78784e51d21: {
  bounds: { x: 16, y: 10, width: 1080, height: 1888 },
  isMaximized: false,
  width: 1080,
  height: 1888
}
[2026-06-02 10:27:31.966] [debug] (WindowController) Set tab content bounds: { x: 0, y: 32, width: 1080, height: 1856 }
[2026-06-02 10:27:33.895] [debug] (WindowController) Window 3dff4d7f-b9db-4658-949a-f78784e51d21 focused
[2026-06-02 10:27:34.322] [debug] (TabController)    Tab fbc377bc-321f-4f40-972d-992d66bb2664: Page loading...
[2026-06-02 10:27:35.976] [debug] (WindowController) Window 3dff4d7f-b9db-4658-949a-f78784e51d21 lost focus
[2026-06-02 10:27:41.455] [debug] (WindowController) Window 3dff4d7f-b9db-4658-949a-f78784e51d21 focused
[2026-06-02 10:27:41.943] [debug] (WindowController) Window 3dff4d7f-b9db-4658-949a-f78784e51d21 lost focus
[2026-06-02 10:27:42.348] [debug] (WindowController) Window 3dff4d7f-b9db-4658-949a-f78784e51d21 focused
[2026-06-02 10:27:42.459] [debug] (WindowController) Window 3dff4d7f-b9db-4658-949a-f78784e51d21 lost focus
[2026-06-02 10:28:32.376] [debug] (WindowController) Window 3dff4d7f-b9db-4658-949a-f78784e51d21 focused
[2026-06-02 10:28:35.003] [debug] (WindowController) Window 3dff4d7f-b9db-4658-949a-f78784e51d21 lost focus
[2026-06-02 10:28:36.436] [debug] (WindowController) Window 3dff4d7f-b9db-4658-949a-f78784e51d21 focused
[2026-06-02 10:28:36.451] [debug] (WindowController) Window 3dff4d7f-b9db-4658-949a-f78784e51d21 lost focus
[2026-06-02 10:28:39.363] [debug] (WindowController) Window 3dff4d7f-b9db-4658-949a-f78784e51d21 resized { x: 16, y: 10, width: 960, height: 1048 }
[2026-06-02 10:28:39.365] [debug] (WindowController) Updating view bounds for window 3dff4d7f-b9db-4658-949a-f78784e51d21: {
  bounds: { x: 16, y: 10, width: 960, height: 1048 },
  isMaximized: false,
  width: 960,
  height: 1048
}
[2026-06-02 10:28:39.366] [debug] (WindowController) Set tab content bounds: { x: 0, y: 32, width: 960, height: 1016 }
[2026-06-02 10:28:40.167] [debug] (WindowController) Window 3dff4d7f-b9db-4658-949a-f78784e51d21 focused
[2026-06-02 10:28:41.256] [debug] (WindowController) Window 3dff4d7f-b9db-4658-949a-f78784e51d21 lost focus
[2026-06-02 10:28:49.317] [debug] (WindowController) Window 3dff4d7f-b9db-4658-949a-f78784e51d21 focused
[2026-06-02 10:28:50.120] [debug] (WindowController) Window 3dff4d7f-b9db-4658-949a-f78784e51d21 lost focus
[2026-06-02 10:28:52.006] [debug] (WindowController) Window 3dff4d7f-b9db-4658-949a-f78784e51d21 maximized
[2026-06-02 10:28:52.007] [debug] (WindowController) Window 3dff4d7f-b9db-4658-949a-f78784e51d21 resized { x: 0, y: 0, width: 1080, height: 1888 }
[2026-06-02 10:28:52.008] [debug] (WindowController) Updating view bounds for window 3dff4d7f-b9db-4658-949a-f78784e51d21: {
  bounds: { x: 0, y: 0, width: 1080, height: 1888 },
  isMaximized: true,
  width: 1080,
  height: 1888
}
[2026-06-02 10:28:52.009] [debug] (WindowController) Set tab content bounds: { x: 0, y: 32, width: 1080, height: 1856 }
[2026-06-02 10:28:52.010] [debug] (WindowController) Updating view bounds for window 3dff4d7f-b9db-4658-949a-f78784e51d21: {
  bounds: { x: 0, y: 0, width: 1080, height: 1888 },
  isMaximized: true,
  width: 1080,
  height: 1888
}
[2026-06-02 10:28:52.010] [debug] (WindowController) Set tab content bounds: { x: 0, y: 32, width: 1080, height: 1856 }
[2026-06-02 10:28:52.010] [debug] (WindowController) Window 3dff4d7f-b9db-4658-949a-f78784e51d21 focused
[2026-06-02 10:28:53.323] [debug] (WindowController) Window 3dff4d7f-b9db-4658-949a-f78784e51d21 lost focus
[2026-06-02 10:28:54.222] [debug] (WindowController) Window 3dff4d7f-b9db-4658-949a-f78784e51d21 focused
[2026-06-02 10:28:54.429] [debug] (WindowController) Window 3dff4d7f-b9db-4658-949a-f78784e51d21 lost focus
[2026-06-02 10:29:46.942] [debug] (WindowController) Window 3dff4d7f-b9db-4658-949a-f78784e51d21 focused
[2026-06-02 10:29:46.943] [debug] (WindowController) Window 3dff4d7f-b9db-4658-949a-f78784e51d21 lost focus
[2026-06-02 10:29:47.727] [debug] (WindowController) Window 3dff4d7f-b9db-4658-949a-f78784e51d21 focused
[2026-06-02 10:29:48.085] [debug] (WindowController) Window 3dff4d7f-b9db-4658-949a-f78784e51d21 lost focus
[2026-06-02 10:29:48.241] [debug] (WindowController) Window 3dff4d7f-b9db-4658-949a-f78784e51d21 focused
[2026-06-02 10:29:48.242] [debug] (WindowController) Window 3dff4d7f-b9db-4658-949a-f78784e51d21 lost focus
[2026-06-02 10:29:48.402] [debug] (WindowController) Window 3dff4d7f-b9db-4658-949a-f78784e51d21 focused
[2026-06-02 10:29:48.403] [debug] (WindowController) Window 3dff4d7f-b9db-4658-949a-f78784e51d21 lost focus
[2026-06-02 10:29:48.668] [debug] (WindowController) Window 3dff4d7f-b9db-4658-949a-f78784e51d21 focused
[2026-06-02 10:29:48.709] [debug] (WindowController) Window 3dff4d7f-b9db-4658-949a-f78784e51d21 lost focus
[2026-06-02 10:29:48.985] [debug] (WindowController) Window 3dff4d7f-b9db-4658-949a-f78784e51d21 focused
[2026-06-02 10:29:50.639] [debug] (WindowController) Window 3dff4d7f-b9db-4658-949a-f78784e51d21 lost focus
[2026-06-02 10:30:09.438] [debug] (WindowController) Window 3dff4d7f-b9db-4658-949a-f78784e51d21 resized { x: 0, y: 0, width: 1080, height: 1920 }
[2026-06-02 10:30:09.440] [debug] (WindowController) Updating view bounds for window 3dff4d7f-b9db-4658-949a-f78784e51d21: {
  bounds: { x: 0, y: 0, width: 1080, height: 1920 },
  isMaximized: true,
  width: 1080,
  height: 1920
}
[2026-06-02 10:30:09.440] [debug] (WindowController) Set tab content bounds: { x: 0, y: 32, width: 1080, height: 1888 }
[2026-06-02 10:30:09.481] [debug] (WindowController) Window 3dff4d7f-b9db-4658-949a-f78784e51d21 resized { x: 0, y: 0, width: 1080, height: 1888 }
[2026-06-02 10:30:09.484] [debug] (WindowController) Updating view bounds for window 3dff4d7f-b9db-4658-949a-f78784e51d21: {
  bounds: { x: 0, y: 0, width: 1080, height: 1888 },
  isMaximized: true,
  width: 1080,
  height: 1888
}
[2026-06-02 10:30:09.484] [debug] (WindowController) Set tab content bounds: { x: 0, y: 32, width: 1080, height: 1856 }
[2026-06-02 10:30:24.883] [debug] (WindowController) Window 3dff4d7f-b9db-4658-949a-f78784e51d21 resized { x: 0, y: 0, width: 1080, height: 1920 }
[2026-06-02 10:30:24.886] [debug] (WindowController) Updating view bounds for window 3dff4d7f-b9db-4658-949a-f78784e51d21: {
  bounds: { x: 0, y: 0, width: 1080, height: 1920 },
  isMaximized: true,
  width: 1080,
  height: 1920
}
[2026-06-02 10:30:24.887] [debug] (WindowController) Set tab content bounds: { x: 0, y: 32, width: 1080, height: 1888 }
[2026-06-02 10:30:25.949] [debug] (WindowController) Window 3dff4d7f-b9db-4658-949a-f78784e51d21 resized { x: 0, y: 0, width: 1080, height: 1888 }
[2026-06-02 10:30:25.950] [debug] (WindowController) Updating view bounds for window 3dff4d7f-b9db-4658-949a-f78784e51d21: {
  bounds: { x: 0, y: 0, width: 1080, height: 1888 },
  isMaximized: true,
  width: 1080,
  height: 1888
}
[2026-06-02 10:30:25.950] [debug] (WindowController) Set tab content bounds: { x: 0, y: 32, width: 1080, height: 1856 }
[2026-06-02 10:30:26.549] [debug] (WindowController) Window 3dff4d7f-b9db-4658-949a-f78784e51d21 resized { x: 0, y: 0, width: 1080, height: 1920 }
[2026-06-02 10:30:26.552] [debug] (WindowController) Updating view bounds for window 3dff4d7f-b9db-4658-949a-f78784e51d21: {
  bounds: { x: 0, y: 0, width: 1080, height: 1920 },
  isMaximized: true,
  width: 1080,
  height: 1920
}
[2026-06-02 10:30:26.553] [debug] (WindowController) Set tab content bounds: { x: 0, y: 32, width: 1080, height: 1888 }
[2026-06-02 10:30:28.056] [debug] (WindowController) Window 3dff4d7f-b9db-4658-949a-f78784e51d21 resized { x: 0, y: 0, width: 1080, height: 1888 }
[2026-06-02 10:30:28.058] [debug] (WindowController) Updating view bounds for window 3dff4d7f-b9db-4658-949a-f78784e51d21: {
  bounds: { x: 0, y: 0, width: 1080, height: 1888 },
  isMaximized: true,
  width: 1080,
  height: 1888
}
[2026-06-02 10:30:28.058] [debug] (WindowController) Set tab content bounds: { x: 0, y: 32, width: 1080, height: 1856 }
[2026-06-02 10:30:31.831] [debug] (WindowController) Window 3dff4d7f-b9db-4658-949a-f78784e51d21 resized { x: 0, y: 0, width: 1080, height: 1920 }
[2026-06-02 10:30:31.833] [debug] (WindowController) Updating view bounds for window 3dff4d7f-b9db-4658-949a-f78784e51d21: {
  bounds: { x: 0, y: 0, width: 1080, height: 1920 },
  isMaximized: true,
  width: 1080,
  height: 1920
}
[2026-06-02 10:30:31.834] [debug] (WindowController) Set tab content bounds: { x: 0, y: 32, width: 1080, height: 1888 }
[2026-06-02 10:30:32.532] [debug] (WindowController) Window 3dff4d7f-b9db-4658-949a-f78784e51d21 focused
[2026-06-02 10:30:32.837] [debug] (WindowController) Window 3dff4d7f-b9db-4658-949a-f78784e51d21 lost focus
[2026-06-02 10:30:32.902] [debug] (WindowController) Window 3dff4d7f-b9db-4658-949a-f78784e51d21 focused
[2026-06-02 10:30:33.064] [debug] (WindowController) Window 3dff4d7f-b9db-4658-949a-f78784e51d21 lost focus
[2026-06-02 10:30:43.478] [debug] (WindowController) Window 3dff4d7f-b9db-4658-949a-f78784e51d21 resized { x: 0, y: 0, width: 1080, height: 1888 }
[2026-06-02 10:30:43.480] [debug] (WindowController) Updating view bounds for window 3dff4d7f-b9db-4658-949a-f78784e51d21: {
  bounds: { x: 0, y: 0, width: 1080, height: 1888 },
  isMaximized: true,
  width: 1080,
  height: 1888
}
[2026-06-02 10:30:43.480] [debug] (WindowController) Set tab content bounds: { x: 0, y: 32, width: 1080, height: 1856 }
[2026-06-02 10:31:17.928] [debug] (WindowController) Window 3dff4d7f-b9db-4658-949a-f78784e51d21 focused
[2026-06-02 10:31:18.265] [debug] (WindowController) Window 3dff4d7f-b9db-4658-949a-f78784e51d21 lost focus
[2026-06-02 10:31:18.409] [debug] (WindowController) Window 3dff4d7f-b9db-4658-949a-f78784e51d21 focused
[2026-06-02 10:31:18.410] [debug] (WindowController) Window 3dff4d7f-b9db-4658-949a-f78784e51d21 lost focus
[2026-06-02 10:31:18.670] [debug] (WindowController) Window 3dff4d7f-b9db-4658-949a-f78784e51d21 focused
[2026-06-02 10:31:18.845] [debug] (WindowController) Window 3dff4d7f-b9db-4658-949a-f78784e51d21 lost focus
[2026-06-02 10:31:19.111] [debug] (WindowController) Window 3dff4d7f-b9db-4658-949a-f78784e51d21 focused
[2026-06-02 10:31:19.915] [debug] (WindowController) Window 3dff4d7f-b9db-4658-949a-f78784e51d21 lost focus
[2026-06-02 10:31:26.526] [debug] (WindowController) Window 3dff4d7f-b9db-4658-949a-f78784e51d21 focused
[2026-06-02 10:31:26.584] [debug] (WindowController) Window 3dff4d7f-b9db-4658-949a-f78784e51d21 lost focus
[2026-06-02 10:31:26.740] [debug] (WindowController) Window 3dff4d7f-b9db-4658-949a-f78784e51d21 focused
[2026-06-02 10:31:26.741] [debug] (WindowController) Window 3dff4d7f-b9db-4658-949a-f78784e51d21 lost focus
[2026-06-02 10:31:26.879] [debug] (WindowController) Window 3dff4d7f-b9db-4658-949a-f78784e51d21 focused
[2026-06-02 10:31:26.881] [debug] (WindowController) Window 3dff4d7f-b9db-4658-949a-f78784e51d21 lost focus
[2026-06-02 10:31:27.023] [debug] (WindowController) Window 3dff4d7f-b9db-4658-949a-f78784e51d21 focused
[2026-06-02 10:31:27.024] [debug] (WindowController) Window 3dff4d7f-b9db-4658-949a-f78784e51d21 lost focus
[2026-06-02 10:31:27.287] [debug] (WindowController) Window 3dff4d7f-b9db-4658-949a-f78784e51d21 focused
[2026-06-02 10:31:27.384] [debug] (WindowController) Window 3dff4d7f-b9db-4658-949a-f78784e51d21 lost focus
[2026-06-02 10:31:27.610] [debug] (WindowController) Window 3dff4d7f-b9db-4658-949a-f78784e51d21 focused
[2026-06-02 10:31:27.611] [debug] (WindowController) Window 3dff4d7f-b9db-4658-949a-f78784e51d21 lost focus
[2026-06-02 10:31:27.879] [debug] (WindowController) Window 3dff4d7f-b9db-4658-949a-f78784e51d21 focused
[2026-06-02 10:31:28.023] [debug] (WindowController) Window 3dff4d7f-b9db-4658-949a-f78784e51d21 lost focus
[2026-06-02 10:31:28.199] [debug] (WindowController) Window 3dff4d7f-b9db-4658-949a-f78784e51d21 focused
[2026-06-02 10:31:28.200] [debug] (WindowController) Window 3dff4d7f-b9db-4658-949a-f78784e51d21 lost focus
[2026-06-02 10:31:28.468] [debug] (WindowController) Window 3dff4d7f-b9db-4658-949a-f78784e51d21 focused
[2026-06-02 10:31:28.641] [debug] (WindowController) Window 3dff4d7f-b9db-4658-949a-f78784e51d21 lost focus
[2026-06-02 10:31:28.896] [debug] (WindowController) Window 3dff4d7f-b9db-4658-949a-f78784e51d21 focused
[2026-06-02 10:31:30.795] [debug] (WindowController) Window 3dff4d7f-b9db-4658-949a-f78784e51d21 lost focus
[2026-06-02 10:31:34.494] [debug] (WindowController) Window 3dff4d7f-b9db-4658-949a-f78784e51d21 focused
[2026-06-02 10:31:35.006] [debug] (WindowController) Window 3dff4d7f-b9db-4658-949a-f78784e51d21 lost focus
[2026-06-02 10:31:35.265] [debug] (WindowController) Window 3dff4d7f-b9db-4658-949a-f78784e51d21 focused
[2026-06-02 10:31:35.423] [debug] (WindowController) Window 3dff4d7f-b9db-4658-949a-f78784e51d21 lost focus
[2026-06-02 10:31:35.679] [debug] (WindowController) Window 3dff4d7f-b9db-4658-949a-f78784e51d21 focused
[2026-06-02 10:31:35.804] [debug] (WindowController) Window 3dff4d7f-b9db-4658-949a-f78784e51d21 lost focus
[2026-06-02 10:31:36.062] [debug] (WindowController) Window 3dff4d7f-b9db-4658-949a-f78784e51d21 focused
[2026-06-02 10:31:37.620] [info]  (WindowController) Window 3dff4d7f-b9db-4658-949a-f78784e51d21 closed
[2026-06-02 10:31:37.622] [info]  (AppController)    AppController handling closed window: 3dff4d7f-b9db-4658-949a-f78784e51d21
[2026-06-02 10:31:37.622] [info]  (AppController)    WindowController for 3dff4d7f-b9db-4658-949a-f78784e51d21 removed. Remaining windows: 0
[2026-06-02 10:31:37.622] [info]  (AppController)    Last window closed on non-darwin platform, quitting application.
[2026-06-02 10:31:37.622] [info]  (AppController)    App before-quit event triggered in AppController
[2026-06-02 15:24:15.610] [info]                     Requesting single instance lock... Got lock: true
[2026-06-02 15:24:15.613] [info]                     Single instance lock acquired successfully
[2026-06-02 15:24:15.614] [info]  (AppController)    AppController initialized
[2026-06-02 15:24:15.615] [info]  (AppController)    Initializing app event handlers in AppController
[2026-06-02 15:24:15.615] [info]  (TabManager)       TabManager initialized
[2026-06-02 15:24:15.615] [info]  (AppController)    TabManager initialized
[2026-06-02 15:24:15.696] [info]  (AppController)    Electron app is ready via AppController
[2026-06-02 15:24:15.697] [info]  (AppController)    AppController: creating new window with id: 4c673932-23b5-40dd-a70b-57aa1f3fba2b {}
[2026-06-02 15:24:15.698] [info]  (WindowController) WindowController initialized for windowId: 4c673932-23b5-40dd-a70b-57aa1f3fba2b (useNativeFrame=false)
[2026-06-02 15:24:15.698] [info]  (WindowController) Initializing window: 4c673932-23b5-40dd-a70b-57aa1f3fba2b
[2026-06-02 15:24:15.727] [info]  (WindowController) BrowserWindow created for 4c673932-23b5-40dd-a70b-57aa1f3fba2b
[2026-06-02 15:24:15.730] [info]  (WindowController) [SpellCheck] Setting spell checker languages: ["en-US"]
[2026-06-02 15:24:15.730] [info]  (WindowController) [SpellCheck] setSpellCheckerLanguages result: undefined
[2026-06-02 15:24:15.730] [info]  (WindowController) Creating tab bar for window 4c673932-23b5-40dd-a70b-57aa1f3fba2b
[2026-06-02 15:24:15.734] [debug] (WindowController) Updating view bounds for window 4c673932-23b5-40dd-a70b-57aa1f3fba2b: {
  bounds: { x: 16, y: 570, width: 1200, height: 800 },
  isMaximized: false,
  width: 1200,
  height: 800
}
[2026-06-02 15:24:15.738] [info]  (WindowController) Creating initial tab for window 4c673932-23b5-40dd-a70b-57aa1f3fba2b
[2026-06-02 15:24:15.739] [info]  (TabManager)       Creating tab b00b09ac-e7b8-47bd-8f63-b8ef60f0957f in window 4c673932-23b5-40dd-a70b-57aa1f3fba2b
[2026-06-02 15:24:15.742] [info]  (TabController)    TabController initialized for tab: b00b09ac-e7b8-47bd-8f63-b8ef60f0957f in window: 4c673932-23b5-40dd-a70b-57aa1f3fba2b
[2026-06-02 15:24:15.743] [info]  (TabController)    Initializing tab: b00b09ac-e7b8-47bd-8f63-b8ef60f0957f
[2026-06-02 15:24:15.744] [debug] (TabController)    Tab b00b09ac-e7b8-47bd-8f63-b8ef60f0957f: Spell checker languages set to en-US
[2026-06-02 15:24:15.744] [debug] (TabController)    Tab b00b09ac-e7b8-47bd-8f63-b8ef60f0957f: Spell checker enabled: true
[2026-06-02 15:24:15.745] [debug] (TabController)    WebContentsView created for tab: b00b09ac-e7b8-47bd-8f63-b8ef60f0957f
[2026-06-02 15:24:15.745] [debug] (TabController)    Event listeners set up for tab: b00b09ac-e7b8-47bd-8f63-b8ef60f0957f
[2026-06-02 15:24:15.745] [info]  (TabController)    Tab b00b09ac-e7b8-47bd-8f63-b8ef60f0957f: Loading URL https://www.notion.so
[2026-06-02 15:24:15.747] [debug] (TabController)    Tab b00b09ac-e7b8-47bd-8f63-b8ef60f0957f: Page loading...
[2026-06-02 15:24:15.752] [info]  (TabManager)       Tab b00b09ac-e7b8-47bd-8f63-b8ef60f0957f created successfully. Total tabs: 1
[2026-06-02 15:24:15.752] [info]  (WindowController) Setting active tab b00b09ac-e7b8-47bd-8f63-b8ef60f0957f for window 4c673932-23b5-40dd-a70b-57aa1f3fba2b
[2026-06-02 15:24:15.752] [debug] (WindowController) Updating view bounds for window 4c673932-23b5-40dd-a70b-57aa1f3fba2b: {
  bounds: { x: 16, y: 570, width: 1200, height: 800 },
  isMaximized: false,
  width: 1200,
  height: 800
}
[2026-06-02 15:24:15.754] [debug] (WindowController) Set tab content bounds: { x: 0, y: 32, width: 1200, height: 768 }
[2026-06-02 15:24:15.755] [debug] (TabController)    Tab b00b09ac-e7b8-47bd-8f63-b8ef60f0957f: Now visible
[2026-06-02 15:24:15.757] [info]  (WindowController) Showing window: 4c673932-23b5-40dd-a70b-57aa1f3fba2b
[2026-06-02 15:24:15.758] [debug] (WindowController) Updating view bounds for window 4c673932-23b5-40dd-a70b-57aa1f3fba2b: {
  bounds: { x: 16, y: 570, width: 1200, height: 800 },
  isMaximized: false,
  width: 1200,
  height: 800
}
[2026-06-02 15:24:15.759] [debug] (WindowController) Set tab content bounds: { x: 0, y: 32, width: 1200, height: 768 }
[2026-06-02 15:24:15.759] [info]  (WindowController) Focusing window: 4c673932-23b5-40dd-a70b-57aa1f3fba2b
[2026-06-02 15:24:15.759] [info]  (AppController)    WindowController for 4c673932-23b5-40dd-a70b-57aa1f3fba2b created and initialized. Total windows: 1
[2026-06-02 15:24:15.921] [debug] (WindowController) Updating view bounds for window 4c673932-23b5-40dd-a70b-57aa1f3fba2b: {
  bounds: { x: 16, y: 570, width: 1200, height: 800 },
  isMaximized: false,
  width: 1200,
  height: 800
}
[2026-06-02 15:24:15.922] [debug] (WindowController) Set tab content bounds: { x: 0, y: 32, width: 1200, height: 768 }
[2026-06-02 15:24:15.988] [debug] (WindowController) Window 4c673932-23b5-40dd-a70b-57aa1f3fba2b moved { x: 16, y: 10, width: 1200, height: 800 }
[2026-06-02 15:24:15.992] [debug] (WindowController) Window 4c673932-23b5-40dd-a70b-57aa1f3fba2b focused
[2026-06-02 15:24:16.127] [debug] (TabController)    Tab b00b09ac-e7b8-47bd-8f63-b8ef60f0957f: Navigated to https://www.notion.so/
[2026-06-02 15:24:16.140] [debug] (TabController)    Tab b00b09ac-e7b8-47bd-8f63-b8ef60f0957f: Title updated to "Notion"
[2026-06-02 15:24:16.181] [debug] (WindowController) Window 4c673932-23b5-40dd-a70b-57aa1f3fba2b lost focus
[2026-06-02 15:24:16.523] [debug] (WindowController) Window 4c673932-23b5-40dd-a70b-57aa1f3fba2b focused
[2026-06-02 15:24:16.580] [debug] (TabController)    Tab b00b09ac-e7b8-47bd-8f63-b8ef60f0957f: Page loaded
[2026-06-02 15:24:16.582] [debug] (TabController)    Tab b00b09ac-e7b8-47bd-8f63-b8ef60f0957f: Favicon updated
[2026-06-02 15:24:16.585] [debug] (TabController)    Tab b00b09ac-e7b8-47bd-8f63-b8ef60f0957f: Page loading...
[2026-06-02 15:24:16.587] [debug] (TabController)    Tab b00b09ac-e7b8-47bd-8f63-b8ef60f0957f: In-page navigation to https://www.notion.so/
[2026-06-02 15:24:16.957] [debug] (TabController)    Tab b00b09ac-e7b8-47bd-8f63-b8ef60f0957f: Page loading...
[2026-06-02 15:24:16.959] [debug] (TabController)    Tab b00b09ac-e7b8-47bd-8f63-b8ef60f0957f: In-page navigation to https://www.notion.so/7f82100715b64a148aa798369ff2b314?pvs=66
[2026-06-02 15:24:16.982] [debug] (TabController)    Tab b00b09ac-e7b8-47bd-8f63-b8ef60f0957f: Title updated to "Home"
[2026-06-02 15:24:17.070] [debug] (WindowController) Window 4c673932-23b5-40dd-a70b-57aa1f3fba2b maximized
[2026-06-02 15:24:17.071] [debug] (WindowController) Updating view bounds for window 4c673932-23b5-40dd-a70b-57aa1f3fba2b: {
  bounds: { x: 0, y: 0, width: 1232, height: 842 },
  isMaximized: true,
  width: 1232,
  height: 842
}
[2026-06-02 15:24:17.072] [debug] (WindowController) Set tab content bounds: { x: 0, y: 32, width: 1232, height: 810 }
[2026-06-02 15:24:17.074] [debug] (WindowController) Window 4c673932-23b5-40dd-a70b-57aa1f3fba2b resized { x: 0, y: 0, width: 1080, height: 1888 }
[2026-06-02 15:24:17.077] [debug] (WindowController) Updating view bounds for window 4c673932-23b5-40dd-a70b-57aa1f3fba2b: {
  bounds: { x: 0, y: 0, width: 1080, height: 1888 },
  isMaximized: true,
  width: 1080,
  height: 1888
}
[2026-06-02 15:24:17.078] [debug] (WindowController) Set tab content bounds: { x: 0, y: 32, width: 1080, height: 1856 }
[2026-06-02 15:24:17.538] [debug] (WindowController) Window 4c673932-23b5-40dd-a70b-57aa1f3fba2b lost focus
[2026-06-02 15:24:17.848] [debug] (WindowController) Window 4c673932-23b5-40dd-a70b-57aa1f3fba2b focused
[2026-06-02 15:24:17.924] [debug] (TabController)    Tab b00b09ac-e7b8-47bd-8f63-b8ef60f0957f: Page loading...
[2026-06-02 15:24:17.926] [debug] (TabController)    Tab b00b09ac-e7b8-47bd-8f63-b8ef60f0957f: In-page navigation to https://www.notion.so/myousuf/7f82100715b64a148aa798369ff2b314
[2026-06-02 15:24:17.950] [debug] (TabController)    Tab b00b09ac-e7b8-47bd-8f63-b8ef60f0957f: Favicon updated
[2026-06-02 15:24:18.112] [debug] (WindowController) Window 4c673932-23b5-40dd-a70b-57aa1f3fba2b lost focus
[2026-06-02 15:24:18.440] [debug] (WindowController) Window 4c673932-23b5-40dd-a70b-57aa1f3fba2b focused
[2026-06-02 15:24:19.278] [debug] (TabController)    Tab b00b09ac-e7b8-47bd-8f63-b8ef60f0957f: Page loading...
[2026-06-02 15:24:19.426] [debug] (TabController)    Tab b00b09ac-e7b8-47bd-8f63-b8ef60f0957f: Page loading...
[2026-06-02 15:24:19.608] [debug] (WindowController) Window 4c673932-23b5-40dd-a70b-57aa1f3fba2b lost focus
[2026-06-02 15:29:04.302] [debug] (WindowController) Window 4c673932-23b5-40dd-a70b-57aa1f3fba2b focused
[2026-06-02 15:29:04.412] [debug] (WindowController) Window 4c673932-23b5-40dd-a70b-57aa1f3fba2b lost focus
[2026-06-02 15:32:58.110] [debug] (WindowController) Window 4c673932-23b5-40dd-a70b-57aa1f3fba2b focused
[2026-06-02 15:32:58.367] [debug] (WindowController) Window 4c673932-23b5-40dd-a70b-57aa1f3fba2b lost focus
[2026-06-02 15:33:54.359] [debug] (WindowController) Window 4c673932-23b5-40dd-a70b-57aa1f3fba2b focused
[2026-06-02 15:33:54.361] [debug] (WindowController) Window 4c673932-23b5-40dd-a70b-57aa1f3fba2b lost focus
[2026-06-02 15:34:18.277] [debug] (WindowController) Window 4c673932-23b5-40dd-a70b-57aa1f3fba2b focused
[2026-06-02 15:34:19.217] [debug] (TabController)    Tab b00b09ac-e7b8-47bd-8f63-b8ef60f0957f: Page loading...
[2026-06-02 15:34:19.218] [debug] (TabController)    Tab b00b09ac-e7b8-47bd-8f63-b8ef60f0957f: In-page navigation to https://www.notion.so/myousuf/Work-Log-3487e452d36b8070a871fc19682524c5?pvs=13
[2026-06-02 15:34:19.244] [debug] (TabController)    Tab b00b09ac-e7b8-47bd-8f63-b8ef60f0957f: Title updated to "Work Log"
[2026-06-02 15:34:19.248] [debug] (TabController)    Tab b00b09ac-e7b8-47bd-8f63-b8ef60f0957f: Page loading...
[2026-06-02 15:34:19.250] [debug] (TabController)    Tab b00b09ac-e7b8-47bd-8f63-b8ef60f0957f: In-page navigation to https://www.notion.so/myousuf/Work-Log-3487e452d36b8070a871fc19682524c5
[2026-06-02 15:34:19.496] [debug] (TabController)    Tab b00b09ac-e7b8-47bd-8f63-b8ef60f0957f: Favicon updated
[2026-06-02 15:34:21.513] [debug] (TabController)    Tab b00b09ac-e7b8-47bd-8f63-b8ef60f0957f: Page loading...
[2026-06-02 15:34:21.515] [debug] (TabController)    Tab b00b09ac-e7b8-47bd-8f63-b8ef60f0957f: In-page navigation to https://www.notion.so/myousuf/Work-Log-3487e452d36b8070a871fc19682524c5?p=3727e452d36b8052a8fdd41d44e4e4f1&pm=c&pvs=31
[2026-06-02 15:34:21.537] [debug] (TabController)    Tab b00b09ac-e7b8-47bd-8f63-b8ef60f0957f: Page loading...
[2026-06-02 15:34:21.539] [debug] (TabController)    Tab b00b09ac-e7b8-47bd-8f63-b8ef60f0957f: In-page navigation to https://www.notion.so/myousuf/Work-Log-3487e452d36b8070a871fc19682524c5?p=3727e452d36b8052a8fdd41d44e4e4f1&pm=c
[2026-06-02 15:34:39.483] [debug] (TabController)    Tab b00b09ac-e7b8-47bd-8f63-b8ef60f0957f: Page loading...
[2026-06-02 15:34:39.484] [debug] (TabController)    Tab b00b09ac-e7b8-47bd-8f63-b8ef60f0957f: In-page navigation to https://www.notion.so/myousuf/Work-Log-3487e452d36b8070a871fc19682524c5?pvs=32
[2026-06-02 15:34:39.494] [debug] (TabController)    Tab b00b09ac-e7b8-47bd-8f63-b8ef60f0957f: Page loading...
[2026-06-02 15:34:39.496] [debug] (TabController)    Tab b00b09ac-e7b8-47bd-8f63-b8ef60f0957f: In-page navigation to https://www.notion.so/myousuf/Work-Log-3487e452d36b8070a871fc19682524c5
[2026-06-02 15:34:40.899] [debug] (TabController)    Tab b00b09ac-e7b8-47bd-8f63-b8ef60f0957f: Page loading...
[2026-06-02 15:34:40.900] [debug] (TabController)    Tab b00b09ac-e7b8-47bd-8f63-b8ef60f0957f: In-page navigation to https://www.notion.so/myousuf/Work-Log-3487e452d36b8070a871fc19682524c5?p=3727e452d36b8052a8fdd41d44e4e4f1&pm=c&pvs=31
[2026-06-02 15:34:40.917] [debug] (TabController)    Tab b00b09ac-e7b8-47bd-8f63-b8ef60f0957f: Page loading...
[2026-06-02 15:34:40.918] [debug] (TabController)    Tab b00b09ac-e7b8-47bd-8f63-b8ef60f0957f: In-page navigation to https://www.notion.so/myousuf/Work-Log-3487e452d36b8070a871fc19682524c5?p=3727e452d36b8052a8fdd41d44e4e4f1&pm=c
[2026-06-02 15:34:42.993] [debug] (TabController)    Tab b00b09ac-e7b8-47bd-8f63-b8ef60f0957f: Page loading...
[2026-06-02 15:34:42.995] [debug] (TabController)    Tab b00b09ac-e7b8-47bd-8f63-b8ef60f0957f: In-page navigation to https://www.notion.so/myousuf/01-06-2026-3727e452d36b8052a8fdd41d44e4e4f1?pvs=23
[2026-06-02 15:34:43.014] [debug] (TabController)    Tab b00b09ac-e7b8-47bd-8f63-b8ef60f0957f: Title updated to "01/06/2026"
[2026-06-02 15:34:43.017] [debug] (TabController)    Tab b00b09ac-e7b8-47bd-8f63-b8ef60f0957f: Page loading...
[2026-06-02 15:34:43.019] [debug] (TabController)    Tab b00b09ac-e7b8-47bd-8f63-b8ef60f0957f: In-page navigation to https://www.notion.so/myousuf/01-06-2026-3727e452d36b8052a8fdd41d44e4e4f1
[2026-06-02 15:34:43.020] [debug] (TabController)    Tab b00b09ac-e7b8-47bd-8f63-b8ef60f0957f: Favicon updated
[2026-06-02 15:34:56.379] [debug] (WindowController) Window 4c673932-23b5-40dd-a70b-57aa1f3fba2b lost focus
[2026-06-02 15:41:30.057] [debug] (WindowController) Window 4c673932-23b5-40dd-a70b-57aa1f3fba2b focused
[2026-06-02 15:41:30.167] [debug] (WindowController) Window 4c673932-23b5-40dd-a70b-57aa1f3fba2b lost focus
[2026-06-02 15:47:22.952] [debug] (WindowController) Window 4c673932-23b5-40dd-a70b-57aa1f3fba2b focused
[2026-06-02 15:47:24.934] [debug] (WindowController) Window 4c673932-23b5-40dd-a70b-57aa1f3fba2b lost focus
[2026-06-02 15:47:24.969] [debug] (WindowController) Window 4c673932-23b5-40dd-a70b-57aa1f3fba2b unmaximized
[2026-06-02 15:47:24.970] [debug] (WindowController) Window 4c673932-23b5-40dd-a70b-57aa1f3fba2b resized { x: 16, y: 10, width: 1170, height: 759 }
[2026-06-02 15:47:24.971] [debug] (WindowController) Updating view bounds for window 4c673932-23b5-40dd-a70b-57aa1f3fba2b: {
  bounds: { x: 16, y: 10, width: 1170, height: 759 },
  isMaximized: false,
  width: 1170,
  height: 759
}
[2026-06-02 15:47:24.971] [debug] (WindowController) Set tab content bounds: { x: 0, y: 32, width: 1170, height: 727 }
[2026-06-02 15:47:24.973] [debug] (WindowController) Updating view bounds for window 4c673932-23b5-40dd-a70b-57aa1f3fba2b: {
  bounds: { x: 16, y: 10, width: 1170, height: 759 },
  isMaximized: false,
  width: 1170,
  height: 759
}
[2026-06-02 15:47:24.973] [debug] (WindowController) Set tab content bounds: { x: 0, y: 32, width: 1170, height: 727 }
[2026-06-02 15:47:27.044] [debug] (WindowController) Window 4c673932-23b5-40dd-a70b-57aa1f3fba2b focused
[2026-06-02 15:47:27.387] [debug] (WindowController) Window 4c673932-23b5-40dd-a70b-57aa1f3fba2b lost focus
[2026-06-02 15:47:27.888] [debug] (WindowController) Window 4c673932-23b5-40dd-a70b-57aa1f3fba2b focused
[2026-06-02 15:47:28.419] [debug] (WindowController) Window 4c673932-23b5-40dd-a70b-57aa1f3fba2b lost focus
[2026-06-02 15:47:35.232] [debug] (WindowController) Window 4c673932-23b5-40dd-a70b-57aa1f3fba2b focused
[2026-06-02 15:47:35.741] [debug] (WindowController) Window 4c673932-23b5-40dd-a70b-57aa1f3fba2b lost focus
[2026-06-02 15:47:40.033] [debug] (WindowController) Window 4c673932-23b5-40dd-a70b-57aa1f3fba2b focused
[2026-06-02 15:47:40.428] [debug] (WindowController) Window 4c673932-23b5-40dd-a70b-57aa1f3fba2b lost focus
[2026-06-02 15:48:35.294] [debug] (WindowController) Window 4c673932-23b5-40dd-a70b-57aa1f3fba2b focused
[2026-06-02 15:48:36.509] [debug] (WindowController) Window 4c673932-23b5-40dd-a70b-57aa1f3fba2b lost focus
[2026-06-02 15:48:37.397] [debug] (WindowController) Window 4c673932-23b5-40dd-a70b-57aa1f3fba2b focused
[2026-06-02 15:48:37.726] [debug] (WindowController) Window 4c673932-23b5-40dd-a70b-57aa1f3fba2b lost focus
[2026-06-02 15:48:39.606] [debug] (WindowController) Window 4c673932-23b5-40dd-a70b-57aa1f3fba2b focused
[2026-06-02 15:48:39.717] [debug] (WindowController) Window 4c673932-23b5-40dd-a70b-57aa1f3fba2b lost focus
[2026-06-02 15:49:01.988] [debug] (WindowController) Window 4c673932-23b5-40dd-a70b-57aa1f3fba2b focused
[2026-06-02 15:49:06.329] [debug] (WindowController) Window 4c673932-23b5-40dd-a70b-57aa1f3fba2b lost focus
[2026-06-02 15:49:11.992] [debug] (WindowController) Window 4c673932-23b5-40dd-a70b-57aa1f3fba2b focused
[2026-06-02 15:49:13.545] [debug] (WindowController) Window 4c673932-23b5-40dd-a70b-57aa1f3fba2b lost focus
[2026-06-02 15:49:38.066] [debug] (WindowController) Window 4c673932-23b5-40dd-a70b-57aa1f3fba2b focused
[2026-06-02 15:49:38.700] [debug] (WindowController) Window 4c673932-23b5-40dd-a70b-57aa1f3fba2b lost focus
[2026-06-02 15:50:24.892] [debug] (WindowController) Window 4c673932-23b5-40dd-a70b-57aa1f3fba2b focused
[2026-06-02 15:50:27.879] [debug] (WindowController) Window 4c673932-23b5-40dd-a70b-57aa1f3fba2b lost focus
[2026-06-02 15:50:29.093] [debug] (WindowController) Window 4c673932-23b5-40dd-a70b-57aa1f3fba2b focused
[2026-06-02 15:50:32.292] [debug] (WindowController) Window 4c673932-23b5-40dd-a70b-57aa1f3fba2b lost focus
[2026-06-02 15:50:35.300] [debug] (WindowController) Window 4c673932-23b5-40dd-a70b-57aa1f3fba2b focused
[2026-06-02 15:50:36.670] [debug] (WindowController) Window 4c673932-23b5-40dd-a70b-57aa1f3fba2b lost focus
[2026-06-02 15:50:50.054] [debug] (WindowController) Window 4c673932-23b5-40dd-a70b-57aa1f3fba2b focused
[2026-06-02 15:50:50.716] [debug] (WindowController) Window 4c673932-23b5-40dd-a70b-57aa1f3fba2b lost focus
[2026-06-02 15:50:51.753] [debug] (WindowController) Window 4c673932-23b5-40dd-a70b-57aa1f3fba2b focused
[2026-06-02 15:50:53.841] [debug] (WindowController) Window 4c673932-23b5-40dd-a70b-57aa1f3fba2b lost focus
[2026-06-02 15:50:56.334] [debug] (WindowController) Window 4c673932-23b5-40dd-a70b-57aa1f3fba2b focused
[2026-06-02 15:50:56.934] [debug] (WindowController) Window 4c673932-23b5-40dd-a70b-57aa1f3fba2b lost focus
[2026-06-02 15:50:58.441] [debug] (WindowController) Window 4c673932-23b5-40dd-a70b-57aa1f3fba2b focused
[2026-06-02 15:50:58.442] [debug] (WindowController) Window 4c673932-23b5-40dd-a70b-57aa1f3fba2b lost focus
[2026-06-02 15:51:00.929] [debug] (WindowController) Window 4c673932-23b5-40dd-a70b-57aa1f3fba2b focused
[2026-06-02 15:51:01.980] [debug] (WindowController) Window 4c673932-23b5-40dd-a70b-57aa1f3fba2b lost focus
[2026-06-02 15:51:33.728] [debug] (WindowController) Window 4c673932-23b5-40dd-a70b-57aa1f3fba2b focused
[2026-06-02 15:51:34.476] [debug] (WindowController) Window 4c673932-23b5-40dd-a70b-57aa1f3fba2b lost focus
[2026-06-02 15:51:36.145] [debug] (WindowController) Window 4c673932-23b5-40dd-a70b-57aa1f3fba2b focused
[2026-06-02 15:51:36.146] [debug] (WindowController) Window 4c673932-23b5-40dd-a70b-57aa1f3fba2b lost focus
[2026-06-02 15:51:39.147] [debug] (WindowController) Window 4c673932-23b5-40dd-a70b-57aa1f3fba2b focused
[2026-06-02 15:51:40.286] [debug] (WindowController) Window 4c673932-23b5-40dd-a70b-57aa1f3fba2b lost focus
[2026-06-02 15:51:44.217] [debug] (WindowController) Window 4c673932-23b5-40dd-a70b-57aa1f3fba2b focused
[2026-06-02 15:51:44.825] [debug] (WindowController) Window 4c673932-23b5-40dd-a70b-57aa1f3fba2b lost focus
[2026-06-02 15:52:10.112] [debug] (WindowController) Window 4c673932-23b5-40dd-a70b-57aa1f3fba2b focused
[2026-06-02 15:52:11.179] [debug] (WindowController) Window 4c673932-23b5-40dd-a70b-57aa1f3fba2b lost focus
[2026-06-02 15:52:21.471] [debug] (WindowController) Window 4c673932-23b5-40dd-a70b-57aa1f3fba2b focused
[2026-06-02 15:52:21.473] [debug] (WindowController) Window 4c673932-23b5-40dd-a70b-57aa1f3fba2b lost focus
[2026-06-02 15:52:21.735] [debug] (WindowController) Window 4c673932-23b5-40dd-a70b-57aa1f3fba2b focused
[2026-06-02 15:52:21.776] [debug] (WindowController) Window 4c673932-23b5-40dd-a70b-57aa1f3fba2b lost focus
[2026-06-02 15:52:22.039] [debug] (WindowController) Window 4c673932-23b5-40dd-a70b-57aa1f3fba2b focused
[2026-06-02 15:52:22.759] [debug] (WindowController) Window 4c673932-23b5-40dd-a70b-57aa1f3fba2b lost focus
[2026-06-02 15:52:27.323] [debug] (WindowController) Window 4c673932-23b5-40dd-a70b-57aa1f3fba2b focused
[2026-06-02 15:52:29.157] [debug] (WindowController) Window 4c673932-23b5-40dd-a70b-57aa1f3fba2b lost focus
[2026-06-02 15:53:19.522] [debug] (WindowController) Window 4c673932-23b5-40dd-a70b-57aa1f3fba2b focused
[2026-06-02 15:53:19.599] [debug] (WindowController) Window 4c673932-23b5-40dd-a70b-57aa1f3fba2b lost focus
[2026-06-02 15:53:19.752] [debug] (WindowController) Window 4c673932-23b5-40dd-a70b-57aa1f3fba2b focused
[2026-06-02 15:53:19.754] [debug] (WindowController) Window 4c673932-23b5-40dd-a70b-57aa1f3fba2b lost focus
[2026-06-02 15:53:19.948] [debug] (WindowController) Window 4c673932-23b5-40dd-a70b-57aa1f3fba2b focused
[2026-06-02 15:53:19.949] [debug] (WindowController) Window 4c673932-23b5-40dd-a70b-57aa1f3fba2b lost focus
[2026-06-02 15:53:20.114] [debug] (WindowController) Window 4c673932-23b5-40dd-a70b-57aa1f3fba2b focused
[2026-06-02 15:53:20.116] [debug] (WindowController) Window 4c673932-23b5-40dd-a70b-57aa1f3fba2b lost focus
[2026-06-02 15:53:20.377] [debug] (WindowController) Window 4c673932-23b5-40dd-a70b-57aa1f3fba2b focused
[2026-06-02 15:53:20.487] [debug] (WindowController) Window 4c673932-23b5-40dd-a70b-57aa1f3fba2b lost focus
[2026-06-02 15:53:20.745] [debug] (WindowController) Window 4c673932-23b5-40dd-a70b-57aa1f3fba2b focused
[2026-06-02 15:53:24.018] [debug] (WindowController) Window 4c673932-23b5-40dd-a70b-57aa1f3fba2b maximized
[2026-06-02 15:53:24.018] [debug] (WindowController) Updating view bounds for window 4c673932-23b5-40dd-a70b-57aa1f3fba2b: {
  bounds: { x: 0, y: 0, width: 1202, height: 801 },
  isMaximized: true,
  width: 1202,
  height: 801
}
[2026-06-02 15:53:24.019] [debug] (WindowController) Set tab content bounds: { x: 0, y: 32, width: 1202, height: 769 }
[2026-06-02 15:53:24.021] [debug] (WindowController) Window 4c673932-23b5-40dd-a70b-57aa1f3fba2b resized { x: 0, y: 0, width: 1080, height: 1888 }
[2026-06-02 15:53:24.023] [debug] (WindowController) Updating view bounds for window 4c673932-23b5-40dd-a70b-57aa1f3fba2b: {
  bounds: { x: 0, y: 0, width: 1080, height: 1888 },
  isMaximized: true,
  width: 1080,
  height: 1888
}
[2026-06-02 15:53:24.023] [debug] (WindowController) Set tab content bounds: { x: 0, y: 32, width: 1080, height: 1856 }
[2026-06-02 15:53:26.229] [debug] (TabController)    Tab b00b09ac-e7b8-47bd-8f63-b8ef60f0957f: Page loading...
[2026-06-02 15:53:26.230] [debug] (TabController)    Tab b00b09ac-e7b8-47bd-8f63-b8ef60f0957f: In-page navigation to https://www.notion.so/myousuf/3487e452d36b80a5abbbd76407c633c9?v=3487e452d36b807589e2000cc3bde499&pvs=18
[2026-06-02 15:53:26.252] [debug] (TabController)    Tab b00b09ac-e7b8-47bd-8f63-b8ef60f0957f: Title updated to "ABDL Daily Log"
[2026-06-02 15:53:26.255] [debug] (TabController)    Tab b00b09ac-e7b8-47bd-8f63-b8ef60f0957f: Page loading...
[2026-06-02 15:53:26.257] [debug] (TabController)    Tab b00b09ac-e7b8-47bd-8f63-b8ef60f0957f: In-page navigation to https://www.notion.so/myousuf/3487e452d36b80a5abbbd76407c633c9?v=3487e452d36b807589e2000cc3bde499
[2026-06-02 15:53:28.475] [debug] (TabController)    Tab b00b09ac-e7b8-47bd-8f63-b8ef60f0957f: Page loading...
[2026-06-02 15:53:28.476] [debug] (TabController)    Tab b00b09ac-e7b8-47bd-8f63-b8ef60f0957f: In-page navigation to https://www.notion.so/myousuf/3487e452d36b80a5abbbd76407c633c9?v=3487e452d36b807589e2000cc3bde499&p=3737e452d36b801e97a0cdf1da02f570&pm=c&pvs=31
[2026-06-02 15:53:28.509] [debug] (TabController)    Tab b00b09ac-e7b8-47bd-8f63-b8ef60f0957f: Page loading...
[2026-06-02 15:53:28.511] [debug] (TabController)    Tab b00b09ac-e7b8-47bd-8f63-b8ef60f0957f: In-page navigation to https://www.notion.so/myousuf/3487e452d36b80a5abbbd76407c633c9?v=3487e452d36b807589e2000cc3bde499&p=3737e452d36b801e97a0cdf1da02f570&pm=c
[2026-06-02 15:55:04.186] [debug] (WindowController) Window 4c673932-23b5-40dd-a70b-57aa1f3fba2b lost focus
[2026-06-02 15:55:04.470] [debug] (WindowController) Window 4c673932-23b5-40dd-a70b-57aa1f3fba2b focused
[2026-06-02 15:55:06.372] [debug] (WindowController) Window 4c673932-23b5-40dd-a70b-57aa1f3fba2b lost focus
[2026-06-02 15:55:11.377] [debug] (WindowController) Window 4c673932-23b5-40dd-a70b-57aa1f3fba2b focused
[2026-06-02 15:55:11.524] [debug] (WindowController) Window 4c673932-23b5-40dd-a70b-57aa1f3fba2b lost focus
[2026-06-02 15:55:11.764] [debug] (WindowController) Window 4c673932-23b5-40dd-a70b-57aa1f3fba2b focused
[2026-06-02 15:55:12.962] [debug] (TabController)    Tab b00b09ac-e7b8-47bd-8f63-b8ef60f0957f: Page loading...
[2026-06-02 15:55:12.963] [debug] (TabController)    Tab b00b09ac-e7b8-47bd-8f63-b8ef60f0957f: In-page navigation to https://www.notion.so/myousuf/2-06-2026-3737e452d36b801e97a0cdf1da02f570?pvs=23
[2026-06-02 15:55:12.990] [debug] (TabController)    Tab b00b09ac-e7b8-47bd-8f63-b8ef60f0957f: Title updated to "2/06/2026"
[2026-06-02 15:55:12.994] [debug] (TabController)    Tab b00b09ac-e7b8-47bd-8f63-b8ef60f0957f: Page loading...
[2026-06-02 15:55:12.996] [debug] (TabController)    Tab b00b09ac-e7b8-47bd-8f63-b8ef60f0957f: In-page navigation to https://www.notion.so/myousuf/2-06-2026-3737e452d36b801e97a0cdf1da02f570
[2026-06-02 15:55:16.510] [debug] (WindowController) Window 4c673932-23b5-40dd-a70b-57aa1f3fba2b lost focus
[2026-06-02 15:55:17.661] [debug] (WindowController) Window 4c673932-23b5-40dd-a70b-57aa1f3fba2b focused
[2026-06-02 15:55:19.875] [debug] (WindowController) Window 4c673932-23b5-40dd-a70b-57aa1f3fba2b lost focus
[2026-06-02 15:55:20.827] [debug] (WindowController) Window 4c673932-23b5-40dd-a70b-57aa1f3fba2b focused
[2026-06-02 15:55:22.773] [debug] (WindowController) Window 4c673932-23b5-40dd-a70b-57aa1f3fba2b lost focus
[2026-06-02 15:55:53.775] [debug] (WindowController) Window 4c673932-23b5-40dd-a70b-57aa1f3fba2b focused
[2026-06-02 15:55:55.129] [debug] (WindowController) Window 4c673932-23b5-40dd-a70b-57aa1f3fba2b lost focus
[2026-06-02 15:55:57.026] [debug] (WindowController) Window 4c673932-23b5-40dd-a70b-57aa1f3fba2b focused
[2026-06-02 15:55:58.087] [debug] (WindowController) Window 4c673932-23b5-40dd-a70b-57aa1f3fba2b lost focus
[2026-06-02 15:56:03.395] [debug] (WindowController) Window 4c673932-23b5-40dd-a70b-57aa1f3fba2b focused
[2026-06-02 15:56:03.807] [debug] (WindowController) Window 4c673932-23b5-40dd-a70b-57aa1f3fba2b lost focus
[2026-06-02 16:14:25.336] [debug] (WindowController) Window 4c673932-23b5-40dd-a70b-57aa1f3fba2b focused
[2026-06-02 16:14:30.616] [debug] (TabController)    Tab b00b09ac-e7b8-47bd-8f63-b8ef60f0957f: Page loading...
[2026-06-02 16:14:30.617] [debug] (TabController)    Tab b00b09ac-e7b8-47bd-8f63-b8ef60f0957f: In-page navigation to https://www.notion.so/myousuf/3737e452d36b80a1a4b0ff75205a67ae?pvs=43
[2026-06-02 16:14:30.640] [debug] (TabController)    Tab b00b09ac-e7b8-47bd-8f63-b8ef60f0957f: Title updated to "New page"
[2026-06-02 16:14:30.642] [debug] (TabController)    Tab b00b09ac-e7b8-47bd-8f63-b8ef60f0957f: Page loading...
[2026-06-02 16:14:30.644] [debug] (TabController)    Tab b00b09ac-e7b8-47bd-8f63-b8ef60f0957f: In-page navigation to https://www.notion.so/myousuf/3737e452d36b80a1a4b0ff75205a67ae
[2026-06-02 16:14:39.150] [debug] (TabController)    Tab b00b09ac-e7b8-47bd-8f63-b8ef60f0957f: Title updated to "c"
[2026-06-02 16:14:39.153] [debug] (TabController)    Tab b00b09ac-e7b8-47bd-8f63-b8ef60f0957f: Page loading...
[2026-06-02 16:14:39.156] [debug] (TabController)    Tab b00b09ac-e7b8-47bd-8f63-b8ef60f0957f: In-page navigation to https://www.notion.so/myousuf/c-3737e452d36b80a1a4b0ff75205a67ae
[2026-06-02 16:14:40.679] [debug] (TabController)    Tab b00b09ac-e7b8-47bd-8f63-b8ef60f0957f: Title updated to "New page"
[2026-06-02 16:14:40.682] [debug] (TabController)    Tab b00b09ac-e7b8-47bd-8f63-b8ef60f0957f: Page loading...
[2026-06-02 16:14:40.683] [debug] (TabController)    Tab b00b09ac-e7b8-47bd-8f63-b8ef60f0957f: In-page navigation to https://www.notion.so/myousuf/3737e452d36b80a1a4b0ff75205a67ae
[2026-06-02 16:14:41.670] [debug] (TabController)    Tab b00b09ac-e7b8-47bd-8f63-b8ef60f0957f: Title updated to "csdjk"
[2026-06-02 16:14:41.673] [debug] (TabController)    Tab b00b09ac-e7b8-47bd-8f63-b8ef60f0957f: Page loading...
[2026-06-02 16:14:41.675] [debug] (TabController)    Tab b00b09ac-e7b8-47bd-8f63-b8ef60f0957f: In-page navigation to https://www.notion.so/myousuf/csdjk-3737e452d36b80a1a4b0ff75205a67ae
[2026-06-02 16:14:43.042] [debug] (TabController)    Tab b00b09ac-e7b8-47bd-8f63-b8ef60f0957f: Title updated to "csdj"
[2026-06-02 16:14:43.045] [debug] (TabController)    Tab b00b09ac-e7b8-47bd-8f63-b8ef60f0957f: Page loading...
[2026-06-02 16:14:43.047] [debug] (TabController)    Tab b00b09ac-e7b8-47bd-8f63-b8ef60f0957f: In-page navigation to https://www.notion.so/myousuf/csdj-3737e452d36b80a1a4b0ff75205a67ae
[2026-06-02 16:14:43.722] [debug] (TabController)    Tab b00b09ac-e7b8-47bd-8f63-b8ef60f0957f: Title updated to "csd"
[2026-06-02 16:14:43.725] [debug] (TabController)    Tab b00b09ac-e7b8-47bd-8f63-b8ef60f0957f: Page loading...
[2026-06-02 16:14:43.726] [debug] (TabController)    Tab b00b09ac-e7b8-47bd-8f63-b8ef60f0957f: In-page navigation to https://www.notion.so/myousuf/csd-3737e452d36b80a1a4b0ff75205a67ae
[2026-06-02 16:14:44.051] [debug] (TabController)    Tab b00b09ac-e7b8-47bd-8f63-b8ef60f0957f: Title updated to "csdk"
[2026-06-02 16:14:44.053] [debug] (TabController)    Tab b00b09ac-e7b8-47bd-8f63-b8ef60f0957f: Page loading...
[2026-06-02 16:14:44.055] [debug] (TabController)    Tab b00b09ac-e7b8-47bd-8f63-b8ef60f0957f: In-page navigation to https://www.notion.so/myousuf/csdk-3737e452d36b80a1a4b0ff75205a67ae
[2026-06-02 16:14:45.952] [debug] (TabController)    Tab b00b09ac-e7b8-47bd-8f63-b8ef60f0957f: Title updated to "csdkms user"
[2026-06-02 16:14:45.954] [debug] (TabController)    Tab b00b09ac-e7b8-47bd-8f63-b8ef60f0957f: Page loading...
[2026-06-02 16:14:45.956] [debug] (TabController)    Tab b00b09ac-e7b8-47bd-8f63-b8ef60f0957f: In-page navigation to https://www.notion.so/myousuf/csdkms-user-3737e452d36b80a1a4b0ff75205a67ae
[2026-06-02 16:14:46.028] [debug] (TabController)    Tab b00b09ac-e7b8-47bd-8f63-b8ef60f0957f: Title updated to "csdkms user g"
[2026-06-02 16:14:46.030] [debug] (TabController)    Tab b00b09ac-e7b8-47bd-8f63-b8ef60f0957f: Page loading...
[2026-06-02 16:14:46.032] [debug] (TabController)    Tab b00b09ac-e7b8-47bd-8f63-b8ef60f0957f: In-page navigation to https://www.notion.so/myousuf/csdkms-user-g-3737e452d36b80a1a4b0ff75205a67ae
[2026-06-02 16:14:47.239] [debug] (TabController)    Tab b00b09ac-e7b8-47bd-8f63-b8ef60f0957f: Title updated to "csdkms user guide"
[2026-06-02 16:14:47.241] [debug] (TabController)    Tab b00b09ac-e7b8-47bd-8f63-b8ef60f0957f: Page loading...
[2026-06-02 16:14:47.243] [debug] (TabController)    Tab b00b09ac-e7b8-47bd-8f63-b8ef60f0957f: In-page navigation to https://www.notion.so/myousuf/csdkms-user-guide-3737e452d36b80a1a4b0ff75205a67ae
[2026-06-02 16:15:09.575] [debug] (WindowController) Window 4c673932-23b5-40dd-a70b-57aa1f3fba2b lost focus
[2026-06-02 16:15:20.881] [debug] (WindowController) Window 4c673932-23b5-40dd-a70b-57aa1f3fba2b focused
[2026-06-02 16:15:33.718] [debug] (WindowController) Window 4c673932-23b5-40dd-a70b-57aa1f3fba2b lost focus
[2026-06-02 16:15:34.850] [debug] (WindowController) Window 4c673932-23b5-40dd-a70b-57aa1f3fba2b focused
[2026-06-02 16:15:37.319] [debug] (WindowController) Window 4c673932-23b5-40dd-a70b-57aa1f3fba2b lost focus
[2026-06-02 16:15:37.642] [debug] (WindowController) Window 4c673932-23b5-40dd-a70b-57aa1f3fba2b focused
[2026-06-02 16:15:41.159] [debug] (TabController)    Tab b00b09ac-e7b8-47bd-8f63-b8ef60f0957f: Title updated to "(1) csdkms user guide"
[2026-06-02 16:15:49.251] [debug] (TabController)    Tab b00b09ac-e7b8-47bd-8f63-b8ef60f0957f: Page loading...
[2026-06-02 16:15:49.253] [debug] (TabController)    Tab b00b09ac-e7b8-47bd-8f63-b8ef60f0957f: In-page navigation to https://www.notion.so/myousuf/CSDKMS-User-Specification-3737e452d36b804f8de6df61e747be4c?pvs=22
[2026-06-02 16:15:49.267] [debug] (TabController)    Tab b00b09ac-e7b8-47bd-8f63-b8ef60f0957f: Title updated to "(1) CSDKMS User Specification"
[2026-06-02 16:15:49.271] [debug] (TabController)    Tab b00b09ac-e7b8-47bd-8f63-b8ef60f0957f: Page loading...
[2026-06-02 16:15:49.273] [debug] (TabController)    Tab b00b09ac-e7b8-47bd-8f63-b8ef60f0957f: In-page navigation to https://www.notion.so/myousuf/CSDKMS-User-Specification-3737e452d36b804f8de6df61e747be4c
[2026-06-02 16:34:19.024] [debug] (TabController)    Tab b00b09ac-e7b8-47bd-8f63-b8ef60f0957f: Page loading...
[2026-06-02 16:34:19.025] [debug] (TabController)    Tab b00b09ac-e7b8-47bd-8f63-b8ef60f0957f: In-page navigation to https://www.notion.so/myousuf/Using-Biometric-Token-to-Login-1ea7e452d36b809d95d3cef463c29315?pvs=13
[2026-06-02 16:34:19.052] [debug] (TabController)    Tab b00b09ac-e7b8-47bd-8f63-b8ef60f0957f: Title updated to "(1) Using Biometric Token to Login"
[2026-06-02 16:34:19.055] [debug] (TabController)    Tab b00b09ac-e7b8-47bd-8f63-b8ef60f0957f: Page loading...
[2026-06-02 16:34:19.056] [debug] (TabController)    Tab b00b09ac-e7b8-47bd-8f63-b8ef60f0957f: In-page navigation to https://www.notion.so/myousuf/Using-Biometric-Token-to-Login-1ea7e452d36b809d95d3cef463c29315
[2026-06-02 16:34:20.181] [debug] (TabController)    Tab b00b09ac-e7b8-47bd-8f63-b8ef60f0957f: Page loading...
[2026-06-02 16:34:20.183] [debug] (TabController)    Tab b00b09ac-e7b8-47bd-8f63-b8ef60f0957f: In-page navigation to https://www.notion.so/myousuf/csdkms-user-guide-3737e452d36b80a1a4b0ff75205a67ae?pvs=13
[2026-06-02 16:34:20.203] [debug] (TabController)    Tab b00b09ac-e7b8-47bd-8f63-b8ef60f0957f: Title updated to "(1) csdkms user guide"
[2026-06-02 16:34:20.206] [debug] (TabController)    Tab b00b09ac-e7b8-47bd-8f63-b8ef60f0957f: Page loading...
[2026-06-02 16:34:20.208] [debug] (TabController)    Tab b00b09ac-e7b8-47bd-8f63-b8ef60f0957f: In-page navigation to https://www.notion.so/myousuf/csdkms-user-guide-3737e452d36b80a1a4b0ff75205a67ae
[2026-06-02 16:34:21.765] [debug] (TabController)    Tab b00b09ac-e7b8-47bd-8f63-b8ef60f0957f: Page loading...
[2026-06-02 16:34:21.767] [debug] (TabController)    Tab b00b09ac-e7b8-47bd-8f63-b8ef60f0957f: In-page navigation to https://www.notion.so/myousuf/CSDKMS-User-Specification-3737e452d36b804f8de6df61e747be4c?pvs=25
[2026-06-02 16:34:21.785] [debug] (TabController)    Tab b00b09ac-e7b8-47bd-8f63-b8ef60f0957f: Title updated to "(1) CSDKMS User Specification"
[2026-06-02 16:34:21.788] [debug] (TabController)    Tab b00b09ac-e7b8-47bd-8f63-b8ef60f0957f: Page loading...
[2026-06-02 16:34:21.789] [debug] (TabController)    Tab b00b09ac-e7b8-47bd-8f63-b8ef60f0957f: In-page navigation to https://www.notion.so/myousuf/CSDKMS-User-Specification-3737e452d36b804f8de6df61e747be4c
[2026-06-02 16:34:36.438] [debug] (TabController)    Tab b00b09ac-e7b8-47bd-8f63-b8ef60f0957f: Page loading...
[2026-06-02 16:34:36.439] [debug] (TabController)    Tab b00b09ac-e7b8-47bd-8f63-b8ef60f0957f: In-page navigation to https://www.notion.so/myousuf/Authentication-and-Access-Control-3737e452d36b8096a012e82a06c83731?pvs=26&qid=1%3A72f097f7-28e8-4497-bdbc-25a7845cc928%3A3
[2026-06-02 16:34:36.462] [debug] (TabController)    Tab b00b09ac-e7b8-47bd-8f63-b8ef60f0957f: Title updated to "(1) Authentication and Access Control"
[2026-06-02 16:34:36.464] [debug] (TabController)    Tab b00b09ac-e7b8-47bd-8f63-b8ef60f0957f: Page loading...
[2026-06-02 16:34:36.467] [debug] (TabController)    Tab b00b09ac-e7b8-47bd-8f63-b8ef60f0957f: In-page navigation to https://www.notion.so/myousuf/Authentication-and-Access-Control-3737e452d36b8096a012e82a06c83731
[2026-06-02 16:34:42.664] [debug] (WindowController) Window 4c673932-23b5-40dd-a70b-57aa1f3fba2b lost focus
[2026-06-02 16:35:58.207] [debug] (WindowController) Window 4c673932-23b5-40dd-a70b-57aa1f3fba2b focused
[2026-06-02 16:42:05.213] [debug] (WindowController) Window 4c673932-23b5-40dd-a70b-57aa1f3fba2b lost focus
[2026-06-02 16:42:05.486] [debug] (WindowController) Window 4c673932-23b5-40dd-a70b-57aa1f3fba2b focused
[2026-06-02 16:42:05.800] [debug] (WindowController) Window 4c673932-23b5-40dd-a70b-57aa1f3fba2b lost focus
[2026-06-02 16:43:46.886] [debug] (WindowController) Window 4c673932-23b5-40dd-a70b-57aa1f3fba2b focused
[2026-06-02 16:43:47.208] [debug] (WindowController) Window 4c673932-23b5-40dd-a70b-57aa1f3fba2b lost focus
[2026-06-02 16:43:48.196] [debug] (WindowController) Window 4c673932-23b5-40dd-a70b-57aa1f3fba2b focused
[2026-06-02 16:43:59.997] [debug] (TabController)    Tab b00b09ac-e7b8-47bd-8f63-b8ef60f0957f: Title updated to "(1) New page"
[2026-06-02 16:43:59.999] [debug] (TabController)    Tab b00b09ac-e7b8-47bd-8f63-b8ef60f0957f: Page loading...
[2026-06-02 16:44:00.001] [debug] (TabController)    Tab b00b09ac-e7b8-47bd-8f63-b8ef60f0957f: In-page navigation to https://www.notion.so/myousuf/3737e452d36b8096a012e82a06c83731
[2026-06-02 16:44:01.607] [debug] (TabController)    Tab b00b09ac-e7b8-47bd-8f63-b8ef60f0957f: Page loading...
[2026-06-02 16:44:01.608] [debug] (TabController)    Tab b00b09ac-e7b8-47bd-8f63-b8ef60f0957f: In-page navigation to https://www.notion.so/myousuf/csdkms-user-guide-3737e452d36b80a1a4b0ff75205a67ae?pvs=13
[2026-06-02 16:44:01.625] [debug] (TabController)    Tab b00b09ac-e7b8-47bd-8f63-b8ef60f0957f: Title updated to "(1) csdkms user guide"
[2026-06-02 16:44:01.628] [debug] (TabController)    Tab b00b09ac-e7b8-47bd-8f63-b8ef60f0957f: Page loading...
[2026-06-02 16:44:01.629] [debug] (TabController)    Tab b00b09ac-e7b8-47bd-8f63-b8ef60f0957f: In-page navigation to https://www.notion.so/myousuf/csdkms-user-guide-3737e452d36b80a1a4b0ff75205a67ae
[2026-06-02 16:44:02.565] [debug] (TabController)    Tab b00b09ac-e7b8-47bd-8f63-b8ef60f0957f: Page loading...
[2026-06-02 16:44:02.567] [debug] (TabController)    Tab b00b09ac-e7b8-47bd-8f63-b8ef60f0957f: In-page navigation to https://www.notion.so/myousuf/CSDKMS-User-Specification-3737e452d36b804f8de6df61e747be4c?pvs=25
[2026-06-02 16:44:02.580] [debug] (TabController)    Tab b00b09ac-e7b8-47bd-8f63-b8ef60f0957f: Title updated to "(1) CSDKMS User Specification"
[2026-06-02 16:44:02.582] [debug] (TabController)    Tab b00b09ac-e7b8-47bd-8f63-b8ef60f0957f: Page loading...
[2026-06-02 16:44:02.584] [debug] (TabController)    Tab b00b09ac-e7b8-47bd-8f63-b8ef60f0957f: In-page navigation to https://www.notion.so/myousuf/CSDKMS-User-Specification-3737e452d36b804f8de6df61e747be4c
[2026-06-02 16:44:24.481] [debug] (WindowController) Window 4c673932-23b5-40dd-a70b-57aa1f3fba2b unmaximized
[2026-06-02 16:44:24.482] [debug] (WindowController) Updating view bounds for window 4c673932-23b5-40dd-a70b-57aa1f3fba2b: {
  bounds: { x: 0, y: 0, width: 1080, height: 1888 },
  isMaximized: false,
  width: 1080,
  height: 1888
}
[2026-06-02 16:44:24.483] [debug] (WindowController) Set tab content bounds: { x: 0, y: 32, width: 1080, height: 1856 }
[2026-06-02 16:44:24.487] [debug] (WindowController) Window 4c673932-23b5-40dd-a70b-57aa1f3fba2b resized { x: 0, y: 0, width: 1080, height: 1920 }
[2026-06-02 16:44:24.489] [debug] (WindowController) Updating view bounds for window 4c673932-23b5-40dd-a70b-57aa1f3fba2b: {
  bounds: { x: 0, y: 0, width: 1080, height: 1920 },
  isMaximized: false,
  width: 1080,
  height: 1920
}
[2026-06-02 16:44:24.489] [debug] (WindowController) Set tab content bounds: { x: 0, y: 32, width: 1080, height: 1888 }
[2026-06-02 16:44:27.511] [debug] (WindowController) Window 4c673932-23b5-40dd-a70b-57aa1f3fba2b maximized
[2026-06-02 16:44:27.511] [debug] (WindowController) Updating view bounds for window 4c673932-23b5-40dd-a70b-57aa1f3fba2b: {
  bounds: { x: 0, y: 0, width: 1080, height: 1920 },
  isMaximized: true,
  width: 1080,
  height: 1920
}
[2026-06-02 16:44:27.511] [debug] (WindowController) Set tab content bounds: { x: 0, y: 32, width: 1080, height: 1888 }
[2026-06-02 16:44:27.515] [debug] (WindowController) Window 4c673932-23b5-40dd-a70b-57aa1f3fba2b resized { x: 0, y: 0, width: 1080, height: 1888 }
[2026-06-02 16:44:27.516] [debug] (WindowController) Updating view bounds for window 4c673932-23b5-40dd-a70b-57aa1f3fba2b: {
  bounds: { x: 0, y: 0, width: 1080, height: 1888 },
  isMaximized: true,
  width: 1080,
  height: 1888
}
[2026-06-02 16:44:27.517] [debug] (WindowController) Set tab content bounds: { x: 0, y: 32, width: 1080, height: 1856 }
[2026-06-02 16:44:28.334] [debug] (WindowController) Window 4c673932-23b5-40dd-a70b-57aa1f3fba2b unmaximized
[2026-06-02 16:44:28.335] [debug] (WindowController) Updating view bounds for window 4c673932-23b5-40dd-a70b-57aa1f3fba2b: {
  bounds: { x: 0, y: 0, width: 1080, height: 1888 },
  isMaximized: false,
  width: 1080,
  height: 1888
}
[2026-06-02 16:44:28.335] [debug] (WindowController) Set tab content bounds: { x: 0, y: 32, width: 1080, height: 1856 }
[2026-06-02 16:44:28.336] [debug] (WindowController) Window 4c673932-23b5-40dd-a70b-57aa1f3fba2b resized { x: 0, y: 0, width: 1080, height: 1920 }
[2026-06-02 16:44:28.337] [debug] (WindowController) Updating view bounds for window 4c673932-23b5-40dd-a70b-57aa1f3fba2b: {
  bounds: { x: 0, y: 0, width: 1080, height: 1920 },
  isMaximized: false,
  width: 1080,
  height: 1920
}
[2026-06-02 16:44:28.338] [debug] (WindowController) Set tab content bounds: { x: 0, y: 32, width: 1080, height: 1888 }
[2026-06-02 16:44:28.689] [debug] (WindowController) Window 4c673932-23b5-40dd-a70b-57aa1f3fba2b maximized
[2026-06-02 16:44:28.690] [debug] (WindowController) Updating view bounds for window 4c673932-23b5-40dd-a70b-57aa1f3fba2b: {
  bounds: { x: 0, y: 0, width: 1080, height: 1920 },
  isMaximized: true,
  width: 1080,
  height: 1920
}
[2026-06-02 16:44:28.690] [debug] (WindowController) Set tab content bounds: { x: 0, y: 32, width: 1080, height: 1888 }
[2026-06-02 16:44:28.691] [debug] (WindowController) Window 4c673932-23b5-40dd-a70b-57aa1f3fba2b resized { x: 0, y: 0, width: 1080, height: 1888 }
[2026-06-02 16:44:28.692] [debug] (WindowController) Updating view bounds for window 4c673932-23b5-40dd-a70b-57aa1f3fba2b: {
  bounds: { x: 0, y: 0, width: 1080, height: 1888 },
  isMaximized: true,
  width: 1080,
  height: 1888
}
[2026-06-02 16:44:28.692] [debug] (WindowController) Set tab content bounds: { x: 0, y: 32, width: 1080, height: 1856 }
[2026-06-02 16:44:29.055] [debug] (WindowController) Window 4c673932-23b5-40dd-a70b-57aa1f3fba2b unmaximized
[2026-06-02 16:44:29.055] [debug] (WindowController) Updating view bounds for window 4c673932-23b5-40dd-a70b-57aa1f3fba2b: {
  bounds: { x: 0, y: 0, width: 1080, height: 1888 },
  isMaximized: false,
  width: 1080,
  height: 1888
}
[2026-06-02 16:44:29.055] [debug] (WindowController) Set tab content bounds: { x: 0, y: 32, width: 1080, height: 1856 }
[2026-06-02 16:44:29.057] [debug] (WindowController) Window 4c673932-23b5-40dd-a70b-57aa1f3fba2b resized { x: 0, y: 0, width: 1080, height: 1920 }
[2026-06-02 16:44:29.058] [debug] (WindowController) Updating view bounds for window 4c673932-23b5-40dd-a70b-57aa1f3fba2b: {
  bounds: { x: 0, y: 0, width: 1080, height: 1920 },
  isMaximized: false,
  width: 1080,
  height: 1920
}
[2026-06-02 16:44:29.058] [debug] (WindowController) Set tab content bounds: { x: 0, y: 32, width: 1080, height: 1888 }
[2026-06-02 16:44:29.422] [debug] (WindowController) Window 4c673932-23b5-40dd-a70b-57aa1f3fba2b maximized
[2026-06-02 16:44:29.422] [debug] (WindowController) Updating view bounds for window 4c673932-23b5-40dd-a70b-57aa1f3fba2b: {
  bounds: { x: 0, y: 0, width: 1080, height: 1920 },
  isMaximized: true,
  width: 1080,
  height: 1920
}
[2026-06-02 16:44:29.423] [debug] (WindowController) Set tab content bounds: { x: 0, y: 32, width: 1080, height: 1888 }
[2026-06-02 16:44:29.424] [debug] (WindowController) Window 4c673932-23b5-40dd-a70b-57aa1f3fba2b resized { x: 0, y: 0, width: 1080, height: 1888 }
[2026-06-02 16:44:29.425] [debug] (WindowController) Updating view bounds for window 4c673932-23b5-40dd-a70b-57aa1f3fba2b: {
  bounds: { x: 0, y: 0, width: 1080, height: 1888 },
  isMaximized: true,
  width: 1080,
  height: 1888
}
[2026-06-02 16:44:29.425] [debug] (WindowController) Set tab content bounds: { x: 0, y: 32, width: 1080, height: 1856 }
[2026-06-02 16:44:36.783] [debug] (WindowController) Window 4c673932-23b5-40dd-a70b-57aa1f3fba2b unmaximized
[2026-06-02 16:44:36.783] [debug] (WindowController) Updating view bounds for window 4c673932-23b5-40dd-a70b-57aa1f3fba2b: {
  bounds: { x: 0, y: 0, width: 1080, height: 1888 },
  isMaximized: false,
  width: 1080,
  height: 1888
}
[2026-06-02 16:44:36.784] [debug] (WindowController) Set tab content bounds: { x: 0, y: 32, width: 1080, height: 1856 }
[2026-06-02 16:44:36.786] [debug] (WindowController) Window 4c673932-23b5-40dd-a70b-57aa1f3fba2b resized { x: 0, y: 0, width: 1080, height: 1920 }
[2026-06-02 16:44:36.788] [debug] (WindowController) Updating view bounds for window 4c673932-23b5-40dd-a70b-57aa1f3fba2b: {
  bounds: { x: 0, y: 0, width: 1080, height: 1920 },
  isMaximized: false,
  width: 1080,
  height: 1920
}
[2026-06-02 16:44:36.789] [debug] (WindowController) Set tab content bounds: { x: 0, y: 32, width: 1080, height: 1888 }
[2026-06-02 16:44:38.039] [debug] (WindowController) Window 4c673932-23b5-40dd-a70b-57aa1f3fba2b maximized
[2026-06-02 16:44:38.039] [debug] (WindowController) Updating view bounds for window 4c673932-23b5-40dd-a70b-57aa1f3fba2b: {
  bounds: { x: 0, y: 0, width: 1080, height: 1920 },
  isMaximized: true,
  width: 1080,
  height: 1920
}
[2026-06-02 16:44:38.039] [debug] (WindowController) Set tab content bounds: { x: 0, y: 32, width: 1080, height: 1888 }
[2026-06-02 16:44:38.040] [debug] (WindowController) Window 4c673932-23b5-40dd-a70b-57aa1f3fba2b resized { x: 0, y: 0, width: 1080, height: 1888 }
[2026-06-02 16:44:38.041] [debug] (WindowController) Updating view bounds for window 4c673932-23b5-40dd-a70b-57aa1f3fba2b: {
  bounds: { x: 0, y: 0, width: 1080, height: 1888 },
  isMaximized: true,
  width: 1080,
  height: 1888
}
[2026-06-02 16:44:38.041] [debug] (WindowController) Set tab content bounds: { x: 0, y: 32, width: 1080, height: 1856 }
[2026-06-02 16:44:39.218] [debug] (WindowController) Window 4c673932-23b5-40dd-a70b-57aa1f3fba2b lost focus
[2026-06-02 16:44:45.872] [debug] (WindowController) Window 4c673932-23b5-40dd-a70b-57aa1f3fba2b focused
[2026-06-02 16:44:45.873] [debug] (WindowController) Window 4c673932-23b5-40dd-a70b-57aa1f3fba2b lost focus
[2026-06-02 16:44:46.134] [debug] (WindowController) Window 4c673932-23b5-40dd-a70b-57aa1f3fba2b focused
[2026-06-02 16:44:46.265] [debug] (WindowController) Window 4c673932-23b5-40dd-a70b-57aa1f3fba2b lost focus
[2026-06-02 16:44:46.404] [debug] (WindowController) Window 4c673932-23b5-40dd-a70b-57aa1f3fba2b focused
[2026-06-02 16:44:46.406] [debug] (WindowController) Window 4c673932-23b5-40dd-a70b-57aa1f3fba2b lost focus
[2026-06-02 16:44:46.545] [debug] (WindowController) Window 4c673932-23b5-40dd-a70b-57aa1f3fba2b focused
[2026-06-02 16:44:46.547] [debug] (WindowController) Window 4c673932-23b5-40dd-a70b-57aa1f3fba2b lost focus
[2026-06-02 16:44:46.793] [debug] (WindowController) Window 4c673932-23b5-40dd-a70b-57aa1f3fba2b focused
[2026-06-02 16:44:47.408] [debug] (WindowController) Window 4c673932-23b5-40dd-a70b-57aa1f3fba2b lost focus
[2026-06-02 16:44:47.616] [debug] (WindowController) Window 4c673932-23b5-40dd-a70b-57aa1f3fba2b focused
[2026-06-02 16:44:47.617] [debug] (WindowController) Window 4c673932-23b5-40dd-a70b-57aa1f3fba2b lost focus
[2026-06-02 16:44:47.892] [debug] (WindowController) Window 4c673932-23b5-40dd-a70b-57aa1f3fba2b focused
[2026-06-02 16:44:48.111] [debug] (WindowController) Window 4c673932-23b5-40dd-a70b-57aa1f3fba2b lost focus
[2026-06-02 16:44:48.359] [debug] (WindowController) Window 4c673932-23b5-40dd-a70b-57aa1f3fba2b focused
[2026-06-02 16:44:48.776] [debug] (WindowController) Window 4c673932-23b5-40dd-a70b-57aa1f3fba2b lost focus
[2026-06-02 16:44:49.044] [debug] (WindowController) Window 4c673932-23b5-40dd-a70b-57aa1f3fba2b focused
[2026-06-02 16:44:50.183] [debug] (WindowController) Window 4c673932-23b5-40dd-a70b-57aa1f3fba2b unmaximized
[2026-06-02 16:44:50.184] [debug] (WindowController) Updating view bounds for window 4c673932-23b5-40dd-a70b-57aa1f3fba2b: {
  bounds: { x: 0, y: 0, width: 1080, height: 1888 },
  isMaximized: false,
  width: 1080,
  height: 1888
}
[2026-06-02 16:44:50.184] [debug] (WindowController) Set tab content bounds: { x: 0, y: 32, width: 1080, height: 1856 }
[2026-06-02 16:44:50.190] [debug] (WindowController) Window 4c673932-23b5-40dd-a70b-57aa1f3fba2b resized { x: 0, y: 0, width: 1080, height: 1920 }
[2026-06-02 16:44:50.192] [debug] (WindowController) Updating view bounds for window 4c673932-23b5-40dd-a70b-57aa1f3fba2b: {
  bounds: { x: 0, y: 0, width: 1080, height: 1920 },
  isMaximized: false,
  width: 1080,
  height: 1920
}
[2026-06-02 16:44:50.192] [debug] (WindowController) Set tab content bounds: { x: 0, y: 32, width: 1080, height: 1888 }
[2026-06-02 16:44:52.111] [debug] (WindowController) Window 4c673932-23b5-40dd-a70b-57aa1f3fba2b maximized
[2026-06-02 16:44:52.111] [debug] (WindowController) Updating view bounds for window 4c673932-23b5-40dd-a70b-57aa1f3fba2b: {
  bounds: { x: 0, y: 0, width: 1080, height: 1920 },
  isMaximized: true,
  width: 1080,
  height: 1920
}
[2026-06-02 16:44:52.111] [debug] (WindowController) Set tab content bounds: { x: 0, y: 32, width: 1080, height: 1888 }
[2026-06-02 16:44:52.117] [debug] (WindowController) Window 4c673932-23b5-40dd-a70b-57aa1f3fba2b resized { x: 0, y: 0, width: 1080, height: 1888 }
[2026-06-02 16:44:52.118] [debug] (WindowController) Updating view bounds for window 4c673932-23b5-40dd-a70b-57aa1f3fba2b: {
  bounds: { x: 0, y: 0, width: 1080, height: 1888 },
  isMaximized: true,
  width: 1080,
  height: 1888
}
[2026-06-02 16:44:52.118] [debug] (WindowController) Set tab content bounds: { x: 0, y: 32, width: 1080, height: 1856 }
[2026-06-02 16:44:53.040] [debug] (WindowController) Window 4c673932-23b5-40dd-a70b-57aa1f3fba2b lost focus
[2026-06-02 16:44:53.553] [debug] (WindowController) Window 4c673932-23b5-40dd-a70b-57aa1f3fba2b focused
[2026-06-02 16:44:53.588] [debug] (WindowController) Window 4c673932-23b5-40dd-a70b-57aa1f3fba2b lost focus
[2026-06-02 16:44:55.575] [debug] (WindowController) Window 4c673932-23b5-40dd-a70b-57aa1f3fba2b focused
[2026-06-02 16:44:55.792] [debug] (WindowController) Window 4c673932-23b5-40dd-a70b-57aa1f3fba2b lost focus
[2026-06-02 16:44:56.110] [debug] (WindowController) Window 4c673932-23b5-40dd-a70b-57aa1f3fba2b focused
[2026-06-02 16:45:00.546] [debug] (WindowController) Window 4c673932-23b5-40dd-a70b-57aa1f3fba2b lost focus
[2026-06-02 16:45:00.593] [debug] (WindowController) Window 4c673932-23b5-40dd-a70b-57aa1f3fba2b focused
[2026-06-02 16:45:08.238] [debug] (WindowController) Window 4c673932-23b5-40dd-a70b-57aa1f3fba2b lost focus
[2026-06-02 16:45:12.674] [debug] (WindowController) Window 4c673932-23b5-40dd-a70b-57aa1f3fba2b focused
[2026-06-02 16:45:31.058] [debug] (TabController)    Tab b00b09ac-e7b8-47bd-8f63-b8ef60f0957f: Page loading...
[2026-06-02 16:45:31.059] [debug] (TabController)    Tab b00b09ac-e7b8-47bd-8f63-b8ef60f0957f: In-page navigation to https://www.notion.so/myousuf/3737e452d36b8096a012e82a06c83731?pvs=26&qid=1%3A223fc7ca-b86c-4d21-b116-fb9fe29f6f77%3A6
[2026-06-02 16:45:31.094] [debug] (TabController)    Tab b00b09ac-e7b8-47bd-8f63-b8ef60f0957f: Title updated to "(1) New page"
[2026-06-02 16:45:31.097] [debug] (TabController)    Tab b00b09ac-e7b8-47bd-8f63-b8ef60f0957f: Page loading...
[2026-06-02 16:45:31.098] [debug] (TabController)    Tab b00b09ac-e7b8-47bd-8f63-b8ef60f0957f: In-page navigation to https://www.notion.so/myousuf/3737e452d36b8096a012e82a06c83731
[2026-06-02 16:45:33.293] [debug] (TabController)    Tab b00b09ac-e7b8-47bd-8f63-b8ef60f0957f: Title updated to "(1) Authentication and Access Control"
[2026-06-02 16:45:33.296] [debug] (TabController)    Tab b00b09ac-e7b8-47bd-8f63-b8ef60f0957f: Page loading...
[2026-06-02 16:45:33.297] [debug] (TabController)    Tab b00b09ac-e7b8-47bd-8f63-b8ef60f0957f: In-page navigation to https://www.notion.so/myousuf/Authentication-and-Access-Control-3737e452d36b8096a012e82a06c83731
[2026-06-02 16:45:41.090] [debug] (TabController)    Tab b00b09ac-e7b8-47bd-8f63-b8ef60f0957f: Page loading...
[2026-06-02 16:45:41.091] [debug] (TabController)    Tab b00b09ac-e7b8-47bd-8f63-b8ef60f0957f: In-page navigation to https://www.notion.so/myousuf/CSDKMS-User-Guide-3687e452d36b8039baf3e1c8c6f1c54c?pvs=13
[2026-06-02 16:45:41.105] [debug] (TabController)    Tab b00b09ac-e7b8-47bd-8f63-b8ef60f0957f: Title updated to "(1) CSDKMS User Guide"
[2026-06-02 16:45:41.107] [debug] (TabController)    Tab b00b09ac-e7b8-47bd-8f63-b8ef60f0957f: Page loading...
[2026-06-02 16:45:41.109] [debug] (TabController)    Tab b00b09ac-e7b8-47bd-8f63-b8ef60f0957f: In-page navigation to https://www.notion.so/myousuf/CSDKMS-User-Guide-3687e452d36b8039baf3e1c8c6f1c54c
[2026-06-02 16:45:48.466] [debug] (TabController)    Tab b00b09ac-e7b8-47bd-8f63-b8ef60f0957f: Page loading...
[2026-06-02 16:45:48.467] [debug] (TabController)    Tab b00b09ac-e7b8-47bd-8f63-b8ef60f0957f: In-page navigation to https://www.notion.so/myousuf/csdkms-user-guide-3737e452d36b80a1a4b0ff75205a67ae?pvs=13
[2026-06-02 16:45:48.489] [debug] (TabController)    Tab b00b09ac-e7b8-47bd-8f63-b8ef60f0957f: Title updated to "(1) csdkms user guide"
[2026-06-02 16:45:48.492] [debug] (TabController)    Tab b00b09ac-e7b8-47bd-8f63-b8ef60f0957f: Page loading...
[2026-06-02 16:45:48.493] [debug] (TabController)    Tab b00b09ac-e7b8-47bd-8f63-b8ef60f0957f: In-page navigation to https://www.notion.so/myousuf/csdkms-user-guide-3737e452d36b80a1a4b0ff75205a67ae
[2026-06-02 16:45:58.481] [debug] (TabController)    Tab b00b09ac-e7b8-47bd-8f63-b8ef60f0957f: Page loading...
[2026-06-02 16:45:58.482] [debug] (TabController)    Tab b00b09ac-e7b8-47bd-8f63-b8ef60f0957f: In-page navigation to https://www.notion.so/myousuf/CSDKMS-User-Specification-3737e452d36b804f8de6df61e747be4c?pvs=25
[2026-06-02 16:45:58.500] [debug] (TabController)    Tab b00b09ac-e7b8-47bd-8f63-b8ef60f0957f: Title updated to "(1) CSDKMS User Specification"
[2026-06-02 16:45:58.502] [debug] (TabController)    Tab b00b09ac-e7b8-47bd-8f63-b8ef60f0957f: Page loading...
[2026-06-02 16:45:58.504] [debug] (TabController)    Tab b00b09ac-e7b8-47bd-8f63-b8ef60f0957f: In-page navigation to https://www.notion.so/myousuf/CSDKMS-User-Specification-3737e452d36b804f8de6df61e747be4c
[2026-06-02 16:46:55.187] [debug] (WindowController) Window 4c673932-23b5-40dd-a70b-57aa1f3fba2b lost focus
[2026-06-02 16:46:55.320] [debug] (WindowController) Window 4c673932-23b5-40dd-a70b-57aa1f3fba2b focused
[2026-06-02 16:47:01.721] [debug] (WindowController) Window 4c673932-23b5-40dd-a70b-57aa1f3fba2b lost focus
[2026-06-02 16:47:02.078] [debug] (WindowController) Window 4c673932-23b5-40dd-a70b-57aa1f3fba2b focused
[2026-06-02 16:47:02.400] [debug] (WindowController) Window 4c673932-23b5-40dd-a70b-57aa1f3fba2b lost focus
[2026-06-02 16:47:02.890] [debug] (WindowController) Window 4c673932-23b5-40dd-a70b-57aa1f3fba2b focused
[2026-06-02 16:47:03.292] [debug] (WindowController) Window 4c673932-23b5-40dd-a70b-57aa1f3fba2b lost focus
[2026-06-02 16:50:00.178] [debug] (WindowController) Window 4c673932-23b5-40dd-a70b-57aa1f3fba2b focused
[2026-06-02 16:50:53.976] [debug] (WindowController) Window 4c673932-23b5-40dd-a70b-57aa1f3fba2b lost focus
[2026-06-02 16:53:41.345] [debug] (WindowController) Window 4c673932-23b5-40dd-a70b-57aa1f3fba2b focused
[2026-06-02 16:53:42.870] [debug] (TabController)    Tab b00b09ac-e7b8-47bd-8f63-b8ef60f0957f: Page loading...
[2026-06-02 16:53:42.871] [debug] (TabController)    Tab b00b09ac-e7b8-47bd-8f63-b8ef60f0957f: In-page navigation to https://www.notion.so/myousuf/csdkms-user-guide-3737e452d36b80a1a4b0ff75205a67ae?pvs=9
[2026-06-02 16:53:42.896] [debug] (TabController)    Tab b00b09ac-e7b8-47bd-8f63-b8ef60f0957f: Title updated to "(1) csdkms user guide"
[2026-06-02 16:53:42.899] [debug] (TabController)    Tab b00b09ac-e7b8-47bd-8f63-b8ef60f0957f: Page loading...
[2026-06-02 16:53:42.901] [debug] (TabController)    Tab b00b09ac-e7b8-47bd-8f63-b8ef60f0957f: In-page navigation to https://www.notion.so/myousuf/csdkms-user-guide-3737e452d36b80a1a4b0ff75205a67ae
[2026-06-02 16:53:46.817] [debug] (TabController)    Tab b00b09ac-e7b8-47bd-8f63-b8ef60f0957f: Page loading...
[2026-06-02 16:53:46.818] [debug] (TabController)    Tab b00b09ac-e7b8-47bd-8f63-b8ef60f0957f: In-page navigation to https://www.notion.so/myousuf/3737e452d36b8078935bd8be8cc9b4b5?pvs=43
[2026-06-02 16:53:47.334] [debug] (TabController)    Tab b00b09ac-e7b8-47bd-8f63-b8ef60f0957f: Title updated to "(1) New page"
[2026-06-02 16:53:47.336] [debug] (TabController)    Tab b00b09ac-e7b8-47bd-8f63-b8ef60f0957f: Page loading...
[2026-06-02 16:53:47.338] [debug] (TabController)    Tab b00b09ac-e7b8-47bd-8f63-b8ef60f0957f: In-page navigation to https://www.notion.so/myousuf/3737e452d36b8078935bd8be8cc9b4b5
[2026-06-02 16:53:47.909] [debug] (TabController)    Tab b00b09ac-e7b8-47bd-8f63-b8ef60f0957f: Title updated to "(1) m"
[2026-06-02 16:53:47.911] [debug] (TabController)    Tab b00b09ac-e7b8-47bd-8f63-b8ef60f0957f: Page loading...
[2026-06-02 16:53:47.912] [debug] (TabController)    Tab b00b09ac-e7b8-47bd-8f63-b8ef60f0957f: In-page navigation to https://www.notion.so/myousuf/m-3737e452d36b8078935bd8be8cc9b4b5
[2026-06-02 16:53:48.976] [debug] (TabController)    Tab b00b09ac-e7b8-47bd-8f63-b8ef60f0957f: Title updated to "(1) mini"
[2026-06-02 16:53:48.978] [debug] (TabController)    Tab b00b09ac-e7b8-47bd-8f63-b8ef60f0957f: Page loading...
[2026-06-02 16:53:48.979] [debug] (TabController)    Tab b00b09ac-e7b8-47bd-8f63-b8ef60f0957f: In-page navigation to https://www.notion.so/myousuf/mini-3737e452d36b8078935bd8be8cc9b4b5
[2026-06-02 16:53:49.357] [debug] (TabController)    Tab b00b09ac-e7b8-47bd-8f63-b8ef60f0957f: Title updated to "(1) minib"
[2026-06-02 16:53:49.362] [debug] (TabController)    Tab b00b09ac-e7b8-47bd-8f63-b8ef60f0957f: Page loading...
[2026-06-02 16:53:49.364] [debug] (TabController)    Tab b00b09ac-e7b8-47bd-8f63-b8ef60f0957f: In-page navigation to https://www.notion.so/myousuf/minib-3737e452d36b8078935bd8be8cc9b4b5
[2026-06-02 16:53:50.545] [debug] (TabController)    Tab b00b09ac-e7b8-47bd-8f63-b8ef60f0957f: Title updated to "(1) miniblog"
[2026-06-02 16:53:50.547] [debug] (TabController)    Tab b00b09ac-e7b8-47bd-8f63-b8ef60f0957f: Page loading...
[2026-06-02 16:53:50.548] [debug] (TabController)    Tab b00b09ac-e7b8-47bd-8f63-b8ef60f0957f: In-page navigation to https://www.notion.so/myousuf/miniblog-3737e452d36b8078935bd8be8cc9b4b5
[2026-06-02 16:54:10.829] [debug] (TabController)    Tab b00b09ac-e7b8-47bd-8f63-b8ef60f0957f: Page loading...
[2026-06-02 16:54:10.831] [debug] (TabController)    Tab b00b09ac-e7b8-47bd-8f63-b8ef60f0957f: In-page navigation to https://www.notion.so/myousuf/csdkms-user-guide-3737e452d36b80a1a4b0ff75205a67ae?pvs=18
[2026-06-02 16:54:10.850] [debug] (TabController)    Tab b00b09ac-e7b8-47bd-8f63-b8ef60f0957f: Title updated to "(1) csdkms user guide"
[2026-06-02 16:54:10.853] [debug] (TabController)    Tab b00b09ac-e7b8-47bd-8f63-b8ef60f0957f: Page loading...
[2026-06-02 16:54:10.854] [debug] (TabController)    Tab b00b09ac-e7b8-47bd-8f63-b8ef60f0957f: In-page navigation to https://www.notion.so/myousuf/csdkms-user-guide-3737e452d36b80a1a4b0ff75205a67ae
[2026-06-02 16:54:12.585] [debug] (TabController)    Tab b00b09ac-e7b8-47bd-8f63-b8ef60f0957f: Page loading...
[2026-06-02 16:54:12.587] [debug] (TabController)    Tab b00b09ac-e7b8-47bd-8f63-b8ef60f0957f: In-page navigation to https://www.notion.so/myousuf/CSDKMS-User-Specification-3737e452d36b804f8de6df61e747be4c?pvs=25
[2026-06-02 16:54:12.605] [debug] (TabController)    Tab b00b09ac-e7b8-47bd-8f63-b8ef60f0957f: Title updated to "(1) CSDKMS User Specification"
[2026-06-02 16:54:12.608] [debug] (TabController)    Tab b00b09ac-e7b8-47bd-8f63-b8ef60f0957f: Page loading...
[2026-06-02 16:54:12.610] [debug] (TabController)    Tab b00b09ac-e7b8-47bd-8f63-b8ef60f0957f: In-page navigation to https://www.notion.so/myousuf/CSDKMS-User-Specification-3737e452d36b804f8de6df61e747be4c
[2026-06-02 16:54:15.373] [debug] (TabController)    Tab b00b09ac-e7b8-47bd-8f63-b8ef60f0957f: Page loading...
[2026-06-02 16:54:15.375] [debug] (TabController)    Tab b00b09ac-e7b8-47bd-8f63-b8ef60f0957f: In-page navigation to https://www.notion.so/myousuf/csdkms-user-guide-3737e452d36b80a1a4b0ff75205a67ae?pvs=18
[2026-06-02 16:54:15.396] [debug] (TabController)    Tab b00b09ac-e7b8-47bd-8f63-b8ef60f0957f: Title updated to "(1) csdkms user guide"
[2026-06-02 16:54:15.399] [debug] (TabController)    Tab b00b09ac-e7b8-47bd-8f63-b8ef60f0957f: Page loading...
[2026-06-02 16:54:15.401] [debug] (TabController)    Tab b00b09ac-e7b8-47bd-8f63-b8ef60f0957f: In-page navigation to https://www.notion.so/myousuf/csdkms-user-guide-3737e452d36b80a1a4b0ff75205a67ae
[2026-06-02 16:54:15.982] [debug] (WindowController) Window 4c673932-23b5-40dd-a70b-57aa1f3fba2b lost focus
[2026-06-02 16:54:18.494] [debug] (WindowController) Window 4c673932-23b5-40dd-a70b-57aa1f3fba2b focused
[2026-06-02 16:54:18.733] [debug] (WindowController) Window 4c673932-23b5-40dd-a70b-57aa1f3fba2b lost focus
[2026-06-02 16:54:18.893] [debug] (WindowController) Window 4c673932-23b5-40dd-a70b-57aa1f3fba2b focused
[2026-06-02 16:54:18.894] [debug] (WindowController) Window 4c673932-23b5-40dd-a70b-57aa1f3fba2b lost focus
[2026-06-02 16:54:19.097] [debug] (WindowController) Window 4c673932-23b5-40dd-a70b-57aa1f3fba2b focused
[2026-06-02 16:54:19.098] [debug] (WindowController) Window 4c673932-23b5-40dd-a70b-57aa1f3fba2b lost focus
[2026-06-02 16:54:19.273] [debug] (WindowController) Window 4c673932-23b5-40dd-a70b-57aa1f3fba2b focused
[2026-06-02 16:54:19.274] [debug] (WindowController) Window 4c673932-23b5-40dd-a70b-57aa1f3fba2b lost focus
[2026-06-02 16:54:19.541] [debug] (WindowController) Window 4c673932-23b5-40dd-a70b-57aa1f3fba2b focused
[2026-06-02 16:54:20.761] [debug] (WindowController) Window 4c673932-23b5-40dd-a70b-57aa1f3fba2b lost focus
[2026-06-02 16:54:22.487] [debug] (WindowController) Window 4c673932-23b5-40dd-a70b-57aa1f3fba2b focused
[2026-06-02 16:54:22.587] [debug] (WindowController) Window 4c673932-23b5-40dd-a70b-57aa1f3fba2b lost focus
[2026-06-02 16:54:54.594] [debug] (WindowController) Window 4c673932-23b5-40dd-a70b-57aa1f3fba2b focused
[2026-06-02 16:54:58.543] [debug] (WindowController) Window 4c673932-23b5-40dd-a70b-57aa1f3fba2b lost focus
[2026-06-02 16:55:00.826] [debug] (WindowController) Window 4c673932-23b5-40dd-a70b-57aa1f3fba2b focused
[2026-06-02 16:55:10.299] [debug] (WindowController) Window 4c673932-23b5-40dd-a70b-57aa1f3fba2b lost focus
[2026-06-02 16:56:05.033] [debug] (WindowController) Window 4c673932-23b5-40dd-a70b-57aa1f3fba2b focused
[2026-06-02 16:56:20.619] [debug] (WindowController) Window 4c673932-23b5-40dd-a70b-57aa1f3fba2b lost focus
[2026-06-02 16:56:26.183] [debug] (WindowController) Window 4c673932-23b5-40dd-a70b-57aa1f3fba2b focused
[2026-06-02 16:56:26.185] [debug] (WindowController) Window 4c673932-23b5-40dd-a70b-57aa1f3fba2b lost focus
[2026-06-02 16:56:27.831] [debug] (WindowController) Window 4c673932-23b5-40dd-a70b-57aa1f3fba2b focused
[2026-06-02 16:56:30.684] [debug] (WindowController) Window 4c673932-23b5-40dd-a70b-57aa1f3fba2b lost focus
[2026-06-02 16:56:30.956] [debug] (WindowController) Window 4c673932-23b5-40dd-a70b-57aa1f3fba2b focused
[2026-06-02 16:56:31.141] [debug] (WindowController) Window 4c673932-23b5-40dd-a70b-57aa1f3fba2b lost focus
[2026-06-02 16:56:31.380] [debug] (WindowController) Window 4c673932-23b5-40dd-a70b-57aa1f3fba2b focused
[2026-06-02 16:56:31.654] [debug] (WindowController) Window 4c673932-23b5-40dd-a70b-57aa1f3fba2b lost focus
[2026-06-02 16:56:31.918] [debug] (WindowController) Window 4c673932-23b5-40dd-a70b-57aa1f3fba2b focused
[2026-06-02 16:56:31.920] [debug] (WindowController) Window 4c673932-23b5-40dd-a70b-57aa1f3fba2b lost focus
[2026-06-02 16:56:32.020] [debug] (WindowController) Window 4c673932-23b5-40dd-a70b-57aa1f3fba2b focused
[2026-06-02 16:56:32.021] [debug] (WindowController) Window 4c673932-23b5-40dd-a70b-57aa1f3fba2b lost focus
[2026-06-02 16:56:32.134] [debug] (WindowController) Window 4c673932-23b5-40dd-a70b-57aa1f3fba2b focused
[2026-06-02 16:56:32.135] [debug] (WindowController) Window 4c673932-23b5-40dd-a70b-57aa1f3fba2b lost focus
[2026-06-02 16:56:32.226] [debug] (WindowController) Window 4c673932-23b5-40dd-a70b-57aa1f3fba2b focused
[2026-06-02 16:56:32.228] [debug] (WindowController) Window 4c673932-23b5-40dd-a70b-57aa1f3fba2b lost focus
[2026-06-02 16:56:32.342] [debug] (WindowController) Window 4c673932-23b5-40dd-a70b-57aa1f3fba2b focused
[2026-06-02 16:56:32.344] [debug] (WindowController) Window 4c673932-23b5-40dd-a70b-57aa1f3fba2b lost focus
[2026-06-02 16:56:32.412] [debug] (WindowController) Window 4c673932-23b5-40dd-a70b-57aa1f3fba2b focused
[2026-06-02 16:56:32.413] [debug] (WindowController) Window 4c673932-23b5-40dd-a70b-57aa1f3fba2b lost focus
[2026-06-02 16:56:32.554] [debug] (WindowController) Window 4c673932-23b5-40dd-a70b-57aa1f3fba2b focused
[2026-06-02 16:56:32.558] [debug] (WindowController) Window 4c673932-23b5-40dd-a70b-57aa1f3fba2b lost focus
[2026-06-02 16:56:32.612] [debug] (WindowController) Window 4c673932-23b5-40dd-a70b-57aa1f3fba2b focused
[2026-06-02 16:56:32.614] [debug] (WindowController) Window 4c673932-23b5-40dd-a70b-57aa1f3fba2b lost focus
[2026-06-02 16:56:32.741] [debug] (WindowController) Window 4c673932-23b5-40dd-a70b-57aa1f3fba2b focused
[2026-06-02 16:56:32.746] [debug] (WindowController) Window 4c673932-23b5-40dd-a70b-57aa1f3fba2b lost focus
[2026-06-02 16:56:32.797] [debug] (WindowController) Window 4c673932-23b5-40dd-a70b-57aa1f3fba2b focused
[2026-06-02 16:56:32.798] [debug] (WindowController) Window 4c673932-23b5-40dd-a70b-57aa1f3fba2b lost focus
[2026-06-02 16:56:32.925] [debug] (WindowController) Window 4c673932-23b5-40dd-a70b-57aa1f3fba2b focused
[2026-06-02 16:56:32.927] [debug] (WindowController) Window 4c673932-23b5-40dd-a70b-57aa1f3fba2b lost focus
[2026-06-02 16:56:33.001] [debug] (WindowController) Window 4c673932-23b5-40dd-a70b-57aa1f3fba2b focused
[2026-06-02 16:56:33.002] [debug] (WindowController) Window 4c673932-23b5-40dd-a70b-57aa1f3fba2b lost focus
[2026-06-02 16:56:33.116] [debug] (WindowController) Window 4c673932-23b5-40dd-a70b-57aa1f3fba2b focused
[2026-06-02 16:56:33.117] [debug] (WindowController) Window 4c673932-23b5-40dd-a70b-57aa1f3fba2b lost focus
[2026-06-02 16:56:33.195] [debug] (WindowController) Window 4c673932-23b5-40dd-a70b-57aa1f3fba2b focused
[2026-06-02 16:56:33.197] [debug] (WindowController) Window 4c673932-23b5-40dd-a70b-57aa1f3fba2b lost focus
[2026-06-02 16:56:33.317] [debug] (WindowController) Window 4c673932-23b5-40dd-a70b-57aa1f3fba2b focused
[2026-06-02 16:56:33.318] [debug] (WindowController) Window 4c673932-23b5-40dd-a70b-57aa1f3fba2b lost focus
[2026-06-02 16:56:33.397] [debug] (WindowController) Window 4c673932-23b5-40dd-a70b-57aa1f3fba2b focused
[2026-06-02 16:56:33.399] [debug] (WindowController) Window 4c673932-23b5-40dd-a70b-57aa1f3fba2b lost focus
[2026-06-02 16:56:33.510] [debug] (WindowController) Window 4c673932-23b5-40dd-a70b-57aa1f3fba2b focused
[2026-06-02 16:56:33.511] [debug] (WindowController) Window 4c673932-23b5-40dd-a70b-57aa1f3fba2b lost focus
[2026-06-02 16:56:33.582] [debug] (WindowController) Window 4c673932-23b5-40dd-a70b-57aa1f3fba2b focused
[2026-06-02 16:56:33.583] [debug] (WindowController) Window 4c673932-23b5-40dd-a70b-57aa1f3fba2b lost focus
[2026-06-02 16:56:33.702] [debug] (WindowController) Window 4c673932-23b5-40dd-a70b-57aa1f3fba2b focused
[2026-06-02 16:56:33.703] [debug] (WindowController) Window 4c673932-23b5-40dd-a70b-57aa1f3fba2b lost focus
[2026-06-02 16:56:33.772] [debug] (WindowController) Window 4c673932-23b5-40dd-a70b-57aa1f3fba2b focused
[2026-06-02 16:56:33.773] [debug] (WindowController) Window 4c673932-23b5-40dd-a70b-57aa1f3fba2b lost focus
[2026-06-02 16:56:33.892] [debug] (WindowController) Window 4c673932-23b5-40dd-a70b-57aa1f3fba2b focused
[2026-06-02 16:56:33.894] [debug] (WindowController) Window 4c673932-23b5-40dd-a70b-57aa1f3fba2b lost focus
[2026-06-02 16:56:33.980] [debug] (WindowController) Window 4c673932-23b5-40dd-a70b-57aa1f3fba2b focused
[2026-06-02 16:56:33.981] [debug] (WindowController) Window 4c673932-23b5-40dd-a70b-57aa1f3fba2b lost focus
[2026-06-02 16:56:34.093] [debug] (WindowController) Window 4c673932-23b5-40dd-a70b-57aa1f3fba2b focused
[2026-06-02 16:56:34.094] [debug] (WindowController) Window 4c673932-23b5-40dd-a70b-57aa1f3fba2b lost focus
[2026-06-02 16:56:34.196] [debug] (WindowController) Window 4c673932-23b5-40dd-a70b-57aa1f3fba2b focused
[2026-06-02 16:56:34.197] [debug] (WindowController) Window 4c673932-23b5-40dd-a70b-57aa1f3fba2b lost focus
[2026-06-02 16:56:34.310] [debug] (WindowController) Window 4c673932-23b5-40dd-a70b-57aa1f3fba2b focused
[2026-06-02 16:56:34.312] [debug] (WindowController) Window 4c673932-23b5-40dd-a70b-57aa1f3fba2b lost focus
[2026-06-02 16:56:34.407] [debug] (WindowController) Window 4c673932-23b5-40dd-a70b-57aa1f3fba2b focused
[2026-06-02 16:56:34.409] [debug] (WindowController) Window 4c673932-23b5-40dd-a70b-57aa1f3fba2b lost focus
[2026-06-02 16:56:34.535] [debug] (WindowController) Window 4c673932-23b5-40dd-a70b-57aa1f3fba2b focused
[2026-06-02 16:56:34.536] [debug] (WindowController) Window 4c673932-23b5-40dd-a70b-57aa1f3fba2b lost focus
[2026-06-02 16:56:34.808] [debug] (WindowController) Window 4c673932-23b5-40dd-a70b-57aa1f3fba2b focused
[2026-06-02 16:56:34.910] [debug] (WindowController) Window 4c673932-23b5-40dd-a70b-57aa1f3fba2b lost focus
[2026-06-02 16:56:35.085] [debug] (WindowController) Window 4c673932-23b5-40dd-a70b-57aa1f3fba2b focused
[2026-06-02 16:56:35.087] [debug] (WindowController) Window 4c673932-23b5-40dd-a70b-57aa1f3fba2b lost focus
[2026-06-02 16:56:35.228] [debug] (WindowController) Window 4c673932-23b5-40dd-a70b-57aa1f3fba2b focused
[2026-06-02 16:56:35.229] [debug] (WindowController) Window 4c673932-23b5-40dd-a70b-57aa1f3fba2b lost focus
[2026-06-02 16:56:35.496] [debug] (WindowController) Window 4c673932-23b5-40dd-a70b-57aa1f3fba2b focused
[2026-06-02 16:56:38.381] [debug] (WindowController) Window 4c673932-23b5-40dd-a70b-57aa1f3fba2b lost focus
[2026-06-02 16:58:06.968] [debug] (WindowController) Window 4c673932-23b5-40dd-a70b-57aa1f3fba2b focused
[2026-06-02 16:58:10.392] [debug] (TabController)    Tab b00b09ac-e7b8-47bd-8f63-b8ef60f0957f: Page loading...
[2026-06-02 16:58:10.394] [debug] (TabController)    Tab b00b09ac-e7b8-47bd-8f63-b8ef60f0957f: In-page navigation to https://www.notion.so/myousuf/miniblog-3737e452d36b8078935bd8be8cc9b4b5?pvs=25
[2026-06-02 16:58:10.412] [debug] (TabController)    Tab b00b09ac-e7b8-47bd-8f63-b8ef60f0957f: Title updated to "(1) miniblog"
[2026-06-02 16:58:10.414] [debug] (TabController)    Tab b00b09ac-e7b8-47bd-8f63-b8ef60f0957f: Page loading...
[2026-06-02 16:58:10.415] [debug] (TabController)    Tab b00b09ac-e7b8-47bd-8f63-b8ef60f0957f: In-page navigation to https://www.notion.so/myousuf/miniblog-3737e452d36b8078935bd8be8cc9b4b5
[2026-06-02 16:58:20.644] [debug] (WindowController) Window 4c673932-23b5-40dd-a70b-57aa1f3fba2b lost focus
[2026-06-02 16:58:29.605] [debug] (WindowController) Window 4c673932-23b5-40dd-a70b-57aa1f3fba2b focused
[2026-06-02 16:59:01.141] [debug] (WindowController) Window 4c673932-23b5-40dd-a70b-57aa1f3fba2b lost focus
[2026-06-02 16:59:02.007] [debug] (WindowController) Window 4c673932-23b5-40dd-a70b-57aa1f3fba2b focused
[2026-06-02 16:59:02.094] [debug] (WindowController) Window 4c673932-23b5-40dd-a70b-57aa1f3fba2b lost focus
[2026-06-02 17:01:23.852] [debug] (WindowController) Window 4c673932-23b5-40dd-a70b-57aa1f3fba2b focused
[2026-06-02 17:01:27.278] [debug] (WindowController) Window 4c673932-23b5-40dd-a70b-57aa1f3fba2b lost focus
[2026-06-02 17:01:35.606] [debug] (WindowController) Window 4c673932-23b5-40dd-a70b-57aa1f3fba2b focused
[2026-06-02 17:02:48.263] [debug] (WindowController) Window 4c673932-23b5-40dd-a70b-57aa1f3fba2b lost focus
[2026-06-02 17:04:26.234] [debug] (WindowController) Window 4c673932-23b5-40dd-a70b-57aa1f3fba2b focused
[2026-06-02 17:05:06.868] [debug] (WindowController) Window 4c673932-23b5-40dd-a70b-57aa1f3fba2b lost focus
[2026-06-02 17:05:10.579] [debug] (WindowController) Window 4c673932-23b5-40dd-a70b-57aa1f3fba2b focused
[2026-06-02 17:06:51.417] [debug] (TabController)    Tab b00b09ac-e7b8-47bd-8f63-b8ef60f0957f: Page loading...
[2026-06-02 17:06:51.418] [debug] (TabController)    Tab b00b09ac-e7b8-47bd-8f63-b8ef60f0957f: In-page navigation to https://www.notion.so/myousuf/csdkms-user-guide-3737e452d36b80a1a4b0ff75205a67ae?pvs=18
[2026-06-02 17:06:51.438] [debug] (TabController)    Tab b00b09ac-e7b8-47bd-8f63-b8ef60f0957f: Title updated to "(1) csdkms user guide"
[2026-06-02 17:06:51.441] [debug] (TabController)    Tab b00b09ac-e7b8-47bd-8f63-b8ef60f0957f: Page loading...
[2026-06-02 17:06:51.443] [debug] (TabController)    Tab b00b09ac-e7b8-47bd-8f63-b8ef60f0957f: In-page navigation to https://www.notion.so/myousuf/csdkms-user-guide-3737e452d36b80a1a4b0ff75205a67ae
[2026-06-02 17:06:52.575] [debug] (TabController)    Tab b00b09ac-e7b8-47bd-8f63-b8ef60f0957f: Page loading...
[2026-06-02 17:06:52.576] [debug] (TabController)    Tab b00b09ac-e7b8-47bd-8f63-b8ef60f0957f: In-page navigation to https://www.notion.so/myousuf/CSDKMS-User-Specification-3737e452d36b804f8de6df61e747be4c?pvs=25
[2026-06-02 17:06:52.588] [debug] (TabController)    Tab b00b09ac-e7b8-47bd-8f63-b8ef60f0957f: Title updated to "(1) CSDKMS User Specification"
[2026-06-02 17:06:52.591] [debug] (TabController)    Tab b00b09ac-e7b8-47bd-8f63-b8ef60f0957f: Page loading...
[2026-06-02 17:06:52.593] [debug] (TabController)    Tab b00b09ac-e7b8-47bd-8f63-b8ef60f0957f: In-page navigation to https://www.notion.so/myousuf/CSDKMS-User-Specification-3737e452d36b804f8de6df61e747be4c
[2026-06-02 17:06:57.692] [debug] (TabController)    Tab b00b09ac-e7b8-47bd-8f63-b8ef60f0957f: Page loading...
[2026-06-02 17:06:57.694] [debug] (TabController)    Tab b00b09ac-e7b8-47bd-8f63-b8ef60f0957f: In-page navigation to https://www.notion.so/myousuf/CSDKMS-User-Specification-3737e452d36b804f8de6df61e747be4c?pvs=97#3737e452d36b811885b5e952b01848ae
[2026-06-02 17:06:57.705] [debug] (TabController)    Tab b00b09ac-e7b8-47bd-8f63-b8ef60f0957f: Page loading...
[2026-06-02 17:06:57.706] [debug] (TabController)    Tab b00b09ac-e7b8-47bd-8f63-b8ef60f0957f: In-page navigation to https://www.notion.so/myousuf/CSDKMS-User-Specification-3737e452d36b804f8de6df61e747be4c#3737e452d36b811885b5e952b01848ae
[2026-06-02 17:09:37.672] [debug] (WindowController) Window 4c673932-23b5-40dd-a70b-57aa1f3fba2b lost focus
[2026-06-02 17:09:38.095] [debug] (WindowController) Window 4c673932-23b5-40dd-a70b-57aa1f3fba2b focused
[2026-06-02 17:09:40.575] [debug] (WindowController) Window 4c673932-23b5-40dd-a70b-57aa1f3fba2b lost focus
[2026-06-02 17:09:44.110] [debug] (WindowController) Window 4c673932-23b5-40dd-a70b-57aa1f3fba2b focused
[2026-06-02 17:09:44.937] [debug] (WindowController) Window 4c673932-23b5-40dd-a70b-57aa1f3fba2b lost focus
[2026-06-02 17:09:52.477] [debug] (WindowController) Window 4c673932-23b5-40dd-a70b-57aa1f3fba2b focused
[2026-06-02 17:09:53.140] [debug] (WindowController) Window 4c673932-23b5-40dd-a70b-57aa1f3fba2b lost focus
[2026-06-02 17:09:53.418] [debug] (WindowController) Window 4c673932-23b5-40dd-a70b-57aa1f3fba2b focused
[2026-06-02 17:09:53.595] [debug] (WindowController) Window 4c673932-23b5-40dd-a70b-57aa1f3fba2b lost focus
[2026-06-02 17:09:53.877] [debug] (WindowController) Window 4c673932-23b5-40dd-a70b-57aa1f3fba2b focused
[2026-06-02 17:09:55.638] [debug] (WindowController) Window 4c673932-23b5-40dd-a70b-57aa1f3fba2b lost focus
[2026-06-02 17:09:57.650] [debug] (WindowController) Window 4c673932-23b5-40dd-a70b-57aa1f3fba2b focused
[2026-06-02 17:09:57.779] [debug] (WindowController) Window 4c673932-23b5-40dd-a70b-57aa1f3fba2b lost focus
[2026-06-02 17:23:58.351] [debug] (WindowController) Window 4c673932-23b5-40dd-a70b-57aa1f3fba2b focused
[2026-06-02 17:24:00.323] [debug] (TabController)    Tab b00b09ac-e7b8-47bd-8f63-b8ef60f0957f: Page loading...
[2026-06-02 17:24:00.324] [debug] (TabController)    Tab b00b09ac-e7b8-47bd-8f63-b8ef60f0957f: In-page navigation to https://www.notion.so/myousuf/csdkms-user-guide-3737e452d36b80a1a4b0ff75205a67ae?pvs=9
[2026-06-02 17:24:00.354] [debug] (TabController)    Tab b00b09ac-e7b8-47bd-8f63-b8ef60f0957f: Title updated to "(1) csdkms user guide"
[2026-06-02 17:24:00.356] [debug] (TabController)    Tab b00b09ac-e7b8-47bd-8f63-b8ef60f0957f: Page loading...
[2026-06-02 17:24:00.357] [debug] (TabController)    Tab b00b09ac-e7b8-47bd-8f63-b8ef60f0957f: In-page navigation to https://www.notion.so/myousuf/csdkms-user-guide-3737e452d36b80a1a4b0ff75205a67ae
[2026-06-02 17:24:01.671] [debug] (TabController)    Tab b00b09ac-e7b8-47bd-8f63-b8ef60f0957f: Page loading...
[2026-06-02 17:24:01.672] [debug] (TabController)    Tab b00b09ac-e7b8-47bd-8f63-b8ef60f0957f: In-page navigation to https://www.notion.so/myousuf/miniblog-3737e452d36b8078935bd8be8cc9b4b5?pvs=25
[2026-06-02 17:24:01.685] [debug] (TabController)    Tab b00b09ac-e7b8-47bd-8f63-b8ef60f0957f: Title updated to "(1) miniblog"
[2026-06-02 17:24:01.688] [debug] (TabController)    Tab b00b09ac-e7b8-47bd-8f63-b8ef60f0957f: Page loading...
[2026-06-02 17:24:01.689] [debug] (TabController)    Tab b00b09ac-e7b8-47bd-8f63-b8ef60f0957f: In-page navigation to https://www.notion.so/myousuf/miniblog-3737e452d36b8078935bd8be8cc9b4b5
[2026-06-02 17:24:09.178] [debug] (TabController)    Tab b00b09ac-e7b8-47bd-8f63-b8ef60f0957f: Page loading...
[2026-06-02 17:24:09.179] [debug] (TabController)    Tab b00b09ac-e7b8-47bd-8f63-b8ef60f0957f: In-page navigation to https://www.notion.so/myousuf/csdkms-user-guide-3737e452d36b80a1a4b0ff75205a67ae?pvs=18
[2026-06-02 17:24:09.195] [debug] (TabController)    Tab b00b09ac-e7b8-47bd-8f63-b8ef60f0957f: Title updated to "(1) csdkms user guide"
[2026-06-02 17:24:09.197] [debug] (TabController)    Tab b00b09ac-e7b8-47bd-8f63-b8ef60f0957f: Page loading...
[2026-06-02 17:24:09.198] [debug] (TabController)    Tab b00b09ac-e7b8-47bd-8f63-b8ef60f0957f: In-page navigation to https://www.notion.so/myousuf/csdkms-user-guide-3737e452d36b80a1a4b0ff75205a67ae
[2026-06-02 17:24:11.056] [debug] (WindowController) Window 4c673932-23b5-40dd-a70b-57aa1f3fba2b lost focus
[2026-06-02 18:01:32.714] [debug] (WindowController) Window 4c673932-23b5-40dd-a70b-57aa1f3fba2b resized { x: 0, y: 0, width: 1080, height: 1920 }
[2026-06-02 18:01:32.721] [debug] (WindowController) Updating view bounds for window 4c673932-23b5-40dd-a70b-57aa1f3fba2b: {
  bounds: { x: 0, y: 0, width: 1080, height: 1920 },
  isMaximized: true,
  width: 1080,
  height: 1920
}
[2026-06-02 18:01:32.721] [debug] (WindowController) Set tab content bounds: { x: 0, y: 32, width: 1080, height: 1888 }
[2026-06-02 18:01:32.734] [debug] (WindowController) Window 4c673932-23b5-40dd-a70b-57aa1f3fba2b resized { x: 0, y: 0, width: 1080, height: 1888 }
[2026-06-02 18:01:32.736] [debug] (WindowController) Updating view bounds for window 4c673932-23b5-40dd-a70b-57aa1f3fba2b: {
  bounds: { x: 0, y: 0, width: 1080, height: 1888 },
  isMaximized: true,
  width: 1080,
  height: 1888
}
[2026-06-02 18:01:32.736] [debug] (WindowController) Set tab content bounds: { x: 0, y: 32, width: 1080, height: 1856 }
[2026-06-02 18:12:59.614] [debug] (WindowController) Window 4c673932-23b5-40dd-a70b-57aa1f3fba2b unmaximized
[2026-06-02 18:12:59.615] [debug] (WindowController) Window 4c673932-23b5-40dd-a70b-57aa1f3fba2b resized { x: 16, y: 10, width: 1140, height: 718 }
[2026-06-02 18:12:59.615] [debug] (WindowController) Updating view bounds for window 4c673932-23b5-40dd-a70b-57aa1f3fba2b: {
  bounds: { x: 16, y: 10, width: 1140, height: 718 },
  isMaximized: false,
  width: 1140,
  height: 718
}
[2026-06-02 18:12:59.616] [debug] (WindowController) Set tab content bounds: { x: 0, y: 32, width: 1140, height: 686 }
[2026-06-02 18:12:59.616] [debug] (WindowController) Updating view bounds for window 4c673932-23b5-40dd-a70b-57aa1f3fba2b: {
  bounds: { x: 16, y: 10, width: 1140, height: 718 },
  isMaximized: false,
  width: 1140,
  height: 718
}
[2026-06-02 18:12:59.617] [debug] (WindowController) Set tab content bounds: { x: 0, y: 32, width: 1140, height: 686 }
[2026-06-02 18:13:03.516] [debug] (WindowController) Window 4c673932-23b5-40dd-a70b-57aa1f3fba2b resized { x: 16, y: 10, width: 1080, height: 1888 }
[2026-06-02 18:13:03.518] [debug] (WindowController) Updating view bounds for window 4c673932-23b5-40dd-a70b-57aa1f3fba2b: {
  bounds: { x: 16, y: 10, width: 1080, height: 1888 },
  isMaximized: false,
  width: 1080,
  height: 1888
}
[2026-06-02 18:13:03.519] [debug] (WindowController) Set tab content bounds: { x: 0, y: 32, width: 1080, height: 1856 }
[2026-06-02 18:13:03.520] [debug] (WindowController) Window 4c673932-23b5-40dd-a70b-57aa1f3fba2b resized { x: 16, y: 10, width: 600, height: 1888 }
[2026-06-02 18:13:03.522] [debug] (WindowController) Updating view bounds for window 4c673932-23b5-40dd-a70b-57aa1f3fba2b: {
  bounds: { x: 16, y: 10, width: 600, height: 1888 },
  isMaximized: false,
  width: 600,
  height: 1888
}
[2026-06-02 18:13:03.524] [debug] (WindowController) Set tab content bounds: { x: 0, y: 32, width: 600, height: 1856 }
[2026-06-02 18:13:26.292] [debug] (WindowController) Window 4c673932-23b5-40dd-a70b-57aa1f3fba2b resized { x: 16, y: 10, width: 1080, height: 1888 }
[2026-06-02 18:13:26.294] [debug] (WindowController) Updating view bounds for window 4c673932-23b5-40dd-a70b-57aa1f3fba2b: {
  bounds: { x: 16, y: 10, width: 1080, height: 1888 },
  isMaximized: false,
  width: 1080,
  height: 1888
}
[2026-06-02 18:13:26.294] [debug] (WindowController) Set tab content bounds: { x: 0, y: 32, width: 1080, height: 1856 }
[2026-06-02 18:13:26.295] [debug] (WindowController) Window 4c673932-23b5-40dd-a70b-57aa1f3fba2b focused
[2026-06-02 18:13:26.313] [debug] (WindowController) Window 4c673932-23b5-40dd-a70b-57aa1f3fba2b lost focus
[2026-06-02 18:13:30.179] [debug] (WindowController) Window 4c673932-23b5-40dd-a70b-57aa1f3fba2b focused
[2026-06-02 18:13:31.121] [debug] (WindowController) Window 4c673932-23b5-40dd-a70b-57aa1f3fba2b lost focus
[2026-06-02 18:13:34.084] [debug] (WindowController) Window 4c673932-23b5-40dd-a70b-57aa1f3fba2b focused
[2026-06-02 18:13:35.302] [debug] (WindowController) Window 4c673932-23b5-40dd-a70b-57aa1f3fba2b lost focus
[2026-06-02 18:13:35.690] [debug] (WindowController) Window 4c673932-23b5-40dd-a70b-57aa1f3fba2b focused
[2026-06-02 18:13:37.330] [debug] (WindowController) Window 4c673932-23b5-40dd-a70b-57aa1f3fba2b lost focus
[2026-06-02 18:13:38.932] [debug] (WindowController) Window 4c673932-23b5-40dd-a70b-57aa1f3fba2b focused
[2026-06-02 18:13:38.933] [debug] (WindowController) Window 4c673932-23b5-40dd-a70b-57aa1f3fba2b lost focus
[2026-06-02 18:17:28.962] [debug] (WindowController) Window 4c673932-23b5-40dd-a70b-57aa1f3fba2b focused
[2026-06-02 18:17:28.963] [debug] (WindowController) Window 4c673932-23b5-40dd-a70b-57aa1f3fba2b lost focus
[2026-06-02 18:17:29.201] [debug] (WindowController) Window 4c673932-23b5-40dd-a70b-57aa1f3fba2b focused
[2026-06-02 18:17:29.230] [debug] (WindowController) Window 4c673932-23b5-40dd-a70b-57aa1f3fba2b lost focus
[2026-06-02 18:17:29.484] [debug] (WindowController) Window 4c673932-23b5-40dd-a70b-57aa1f3fba2b focused
[2026-06-02 18:17:29.760] [debug] (WindowController) Window 4c673932-23b5-40dd-a70b-57aa1f3fba2b lost focus
[2026-06-02 18:17:30.036] [debug] (WindowController) Window 4c673932-23b5-40dd-a70b-57aa1f3fba2b focused
[2026-06-02 18:17:31.684] [debug] (WindowController) Window 4c673932-23b5-40dd-a70b-57aa1f3fba2b lost focus
[2026-06-02 18:18:42.590] [debug] (WindowController) Window 4c673932-23b5-40dd-a70b-57aa1f3fba2b focused
[2026-06-02 18:18:42.593] [debug] (WindowController) Window 4c673932-23b5-40dd-a70b-57aa1f3fba2b lost focus
[2026-06-02 18:18:42.850] [debug] (WindowController) Window 4c673932-23b5-40dd-a70b-57aa1f3fba2b focused
[2026-06-02 18:18:43.007] [debug] (WindowController) Window 4c673932-23b5-40dd-a70b-57aa1f3fba2b lost focus
[2026-06-02 18:18:43.266] [debug] (WindowController) Window 4c673932-23b5-40dd-a70b-57aa1f3fba2b focused
[2026-06-02 18:18:43.849] [debug] (WindowController) Window 4c673932-23b5-40dd-a70b-57aa1f3fba2b lost focus
[2026-06-02 18:18:44.124] [debug] (WindowController) Window 4c673932-23b5-40dd-a70b-57aa1f3fba2b focused
[2026-06-02 18:18:44.304] [debug] (WindowController) Window 4c673932-23b5-40dd-a70b-57aa1f3fba2b lost focus
[2026-06-02 18:18:44.560] [debug] (WindowController) Window 4c673932-23b5-40dd-a70b-57aa1f3fba2b focused
[2026-06-02 18:18:44.664] [debug] (WindowController) Window 4c673932-23b5-40dd-a70b-57aa1f3fba2b lost focus
[2026-06-02 18:18:44.935] [debug] (WindowController) Window 4c673932-23b5-40dd-a70b-57aa1f3fba2b focused
[2026-06-02 18:18:45.418] [debug] (WindowController) Window 4c673932-23b5-40dd-a70b-57aa1f3fba2b lost focus
[2026-06-02 18:18:46.974] [debug] (WindowController) Window 4c673932-23b5-40dd-a70b-57aa1f3fba2b focused
[2026-06-02 18:18:47.234] [debug] (WindowController) Window 4c673932-23b5-40dd-a70b-57aa1f3fba2b lost focus
[2026-06-02 18:21:48.969] [debug] (WindowController) Window 4c673932-23b5-40dd-a70b-57aa1f3fba2b focused
[2026-06-02 18:21:51.036] [debug] (WindowController) Window 4c673932-23b5-40dd-a70b-57aa1f3fba2b lost focus
[2026-06-02 18:44:20.574] [error] (TabController)    Tab b00b09ac-e7b8-47bd-8f63-b8ef60f0957f: Renderer process gone { reason: 'clean-exit', exitCode: 0 }
[2026-06-05 12:31:16.333] [info]                     Requesting single instance lock... Got lock: true
[2026-06-05 12:31:16.336] [info]                     Single instance lock acquired successfully
[2026-06-05 12:31:16.338] [info]  (AppController)    AppController initialized
[2026-06-05 12:31:16.338] [info]  (AppController)    Initializing app event handlers in AppController
[2026-06-05 12:31:16.338] [info]  (TabManager)       TabManager initialized
[2026-06-05 12:31:16.338] [info]  (AppController)    TabManager initialized
[2026-06-05 12:31:16.419] [info]  (AppController)    Electron app is ready via AppController
[2026-06-05 12:31:16.420] [info]  (AppController)    AppController: creating new window with id: 3cd93161-ebb8-4a68-8d81-f4d07d0f6eb1 {}
[2026-06-05 12:31:16.421] [info]  (WindowController) WindowController initialized for windowId: 3cd93161-ebb8-4a68-8d81-f4d07d0f6eb1 (useNativeFrame=false)
[2026-06-05 12:31:16.421] [info]  (WindowController) Initializing window: 3cd93161-ebb8-4a68-8d81-f4d07d0f6eb1
[2026-06-05 12:31:16.450] [info]  (WindowController) BrowserWindow created for 3cd93161-ebb8-4a68-8d81-f4d07d0f6eb1
[2026-06-05 12:31:16.452] [info]  (WindowController) [SpellCheck] Setting spell checker languages: ["en-US"]
[2026-06-05 12:31:16.452] [info]  (WindowController) [SpellCheck] setSpellCheckerLanguages result: undefined
[2026-06-05 12:31:16.453] [info]  (WindowController) Creating tab bar for window 3cd93161-ebb8-4a68-8d81-f4d07d0f6eb1
[2026-06-05 12:31:16.457] [debug] (WindowController) Updating view bounds for window 3cd93161-ebb8-4a68-8d81-f4d07d0f6eb1: {
  bounds: { x: 16, y: 570, width: 1200, height: 800 },
  isMaximized: false,
  width: 1200,
  height: 800
}
[2026-06-05 12:31:16.461] [info]  (WindowController) Creating initial tab for window 3cd93161-ebb8-4a68-8d81-f4d07d0f6eb1
[2026-06-05 12:31:16.461] [info]  (TabManager)       Creating tab 346ad080-3af4-4226-8e6f-094f6292efbe in window 3cd93161-ebb8-4a68-8d81-f4d07d0f6eb1
[2026-06-05 12:31:16.465] [info]  (TabController)    TabController initialized for tab: 346ad080-3af4-4226-8e6f-094f6292efbe in window: 3cd93161-ebb8-4a68-8d81-f4d07d0f6eb1
[2026-06-05 12:31:16.465] [info]  (TabController)    Initializing tab: 346ad080-3af4-4226-8e6f-094f6292efbe
[2026-06-05 12:31:16.467] [debug] (TabController)    Tab 346ad080-3af4-4226-8e6f-094f6292efbe: Spell checker languages set to en-US
[2026-06-05 12:31:16.468] [debug] (TabController)    Tab 346ad080-3af4-4226-8e6f-094f6292efbe: Spell checker enabled: true
[2026-06-05 12:31:16.468] [debug] (TabController)    WebContentsView created for tab: 346ad080-3af4-4226-8e6f-094f6292efbe
[2026-06-05 12:31:16.468] [debug] (TabController)    Event listeners set up for tab: 346ad080-3af4-4226-8e6f-094f6292efbe
[2026-06-05 12:31:16.468] [info]  (TabController)    Tab 346ad080-3af4-4226-8e6f-094f6292efbe: Loading URL https://www.notion.so
[2026-06-05 12:31:16.470] [debug] (TabController)    Tab 346ad080-3af4-4226-8e6f-094f6292efbe: Page loading...
[2026-06-05 12:31:16.478] [info]  (TabManager)       Tab 346ad080-3af4-4226-8e6f-094f6292efbe created successfully. Total tabs: 1
[2026-06-05 12:31:16.479] [info]  (WindowController) Setting active tab 346ad080-3af4-4226-8e6f-094f6292efbe for window 3cd93161-ebb8-4a68-8d81-f4d07d0f6eb1
[2026-06-05 12:31:16.479] [debug] (WindowController) Updating view bounds for window 3cd93161-ebb8-4a68-8d81-f4d07d0f6eb1: {
  bounds: { x: 16, y: 570, width: 1200, height: 800 },
  isMaximized: false,
  width: 1200,
  height: 800
}
[2026-06-05 12:31:16.480] [debug] (WindowController) Set tab content bounds: { x: 0, y: 32, width: 1200, height: 768 }
[2026-06-05 12:31:16.481] [debug] (TabController)    Tab 346ad080-3af4-4226-8e6f-094f6292efbe: Now visible
[2026-06-05 12:31:16.482] [info]  (WindowController) Showing window: 3cd93161-ebb8-4a68-8d81-f4d07d0f6eb1
[2026-06-05 12:31:16.483] [debug] (WindowController) Updating view bounds for window 3cd93161-ebb8-4a68-8d81-f4d07d0f6eb1: {
  bounds: { x: 16, y: 570, width: 1200, height: 800 },
  isMaximized: false,
  width: 1200,
  height: 800
}
[2026-06-05 12:31:16.483] [debug] (WindowController) Set tab content bounds: { x: 0, y: 32, width: 1200, height: 768 }
[2026-06-05 12:31:16.484] [info]  (WindowController) Focusing window: 3cd93161-ebb8-4a68-8d81-f4d07d0f6eb1
[2026-06-05 12:31:16.484] [info]  (AppController)    WindowController for 3cd93161-ebb8-4a68-8d81-f4d07d0f6eb1 created and initialized. Total windows: 1
[2026-06-05 12:31:16.645] [debug] (WindowController) Updating view bounds for window 3cd93161-ebb8-4a68-8d81-f4d07d0f6eb1: {
  bounds: { x: 16, y: 570, width: 1200, height: 800 },
  isMaximized: false,
  width: 1200,
  height: 800
}
[2026-06-05 12:31:16.645] [debug] (WindowController) Set tab content bounds: { x: 0, y: 32, width: 1200, height: 768 }
[2026-06-05 12:31:16.764] [debug] (WindowController) Window 3cd93161-ebb8-4a68-8d81-f4d07d0f6eb1 moved { x: 16, y: 10, width: 1200, height: 800 }
[2026-06-05 12:31:16.767] [debug] (WindowController) Window 3cd93161-ebb8-4a68-8d81-f4d07d0f6eb1 focused
[2026-06-05 12:31:16.823] [debug] (TabController)    Tab 346ad080-3af4-4226-8e6f-094f6292efbe: Navigated to https://www.notion.so/
[2026-06-05 12:31:16.839] [debug] (TabController)    Tab 346ad080-3af4-4226-8e6f-094f6292efbe: Title updated to "Notion"
[2026-06-05 12:31:17.387] [debug] (TabController)    Tab 346ad080-3af4-4226-8e6f-094f6292efbe: Page loaded
[2026-06-05 12:31:17.391] [debug] (TabController)    Tab 346ad080-3af4-4226-8e6f-094f6292efbe: Favicon updated
[2026-06-05 12:31:17.397] [debug] (TabController)    Tab 346ad080-3af4-4226-8e6f-094f6292efbe: Page loading...
[2026-06-05 12:31:17.400] [debug] (TabController)    Tab 346ad080-3af4-4226-8e6f-094f6292efbe: In-page navigation to https://www.notion.so/
[2026-06-05 12:31:17.973] [debug] (TabController)    Tab 346ad080-3af4-4226-8e6f-094f6292efbe: Page loading...
[2026-06-05 12:31:17.975] [debug] (TabController)    Tab 346ad080-3af4-4226-8e6f-094f6292efbe: In-page navigation to https://www.notion.so/7f82100715b64a148aa798369ff2b314?pvs=66
[2026-06-05 12:31:18.003] [debug] (TabController)    Tab 346ad080-3af4-4226-8e6f-094f6292efbe: Title updated to "Home"
[2026-06-05 12:31:18.565] [debug] (TabController)    Tab 346ad080-3af4-4226-8e6f-094f6292efbe: Favicon updated
[2026-06-05 12:31:19.176] [debug] (TabController)    Tab 346ad080-3af4-4226-8e6f-094f6292efbe: Page loading...
[2026-06-05 12:31:19.178] [debug] (TabController)    Tab 346ad080-3af4-4226-8e6f-094f6292efbe: In-page navigation to https://www.notion.so/myousuf/7f82100715b64a148aa798369ff2b314
[2026-06-05 12:31:19.941] [debug] (TabController)    Tab 346ad080-3af4-4226-8e6f-094f6292efbe: Page loading...
[2026-06-05 12:31:20.233] [debug] (TabController)    Tab 346ad080-3af4-4226-8e6f-094f6292efbe: Page loading...
[2026-06-05 12:31:20.725] [debug] (TabController)    Tab 346ad080-3af4-4226-8e6f-094f6292efbe: Title updated to "(1) Home"
[2026-06-05 12:31:21.752] [debug] (WindowController) Window 3cd93161-ebb8-4a68-8d81-f4d07d0f6eb1 maximized
[2026-06-05 12:31:21.752] [debug] (WindowController) Updating view bounds for window 3cd93161-ebb8-4a68-8d81-f4d07d0f6eb1: {
  bounds: { x: 0, y: 0, width: 1232, height: 842 },
  isMaximized: true,
  width: 1232,
  height: 842
}
[2026-06-05 12:31:21.753] [debug] (WindowController) Set tab content bounds: { x: 0, y: 32, width: 1232, height: 810 }
[2026-06-05 12:31:21.758] [debug] (WindowController) Window 3cd93161-ebb8-4a68-8d81-f4d07d0f6eb1 resized { x: 0, y: 0, width: 1920, height: 1048 }
[2026-06-05 12:31:21.759] [debug] (WindowController) Updating view bounds for window 3cd93161-ebb8-4a68-8d81-f4d07d0f6eb1: {
  bounds: { x: 0, y: 0, width: 1920, height: 1048 },
  isMaximized: true,
  width: 1920,
  height: 1048
}
[2026-06-05 12:31:21.759] [debug] (WindowController) Set tab content bounds: { x: 0, y: 32, width: 1920, height: 1016 }
[2026-06-05 12:31:36.960] [debug] (WindowController) Window 3cd93161-ebb8-4a68-8d81-f4d07d0f6eb1 lost focus
[2026-06-05 12:31:41.934] [debug] (WindowController) Window 3cd93161-ebb8-4a68-8d81-f4d07d0f6eb1 focused
[2026-06-05 12:31:41.961] [debug] (WindowController) Window 3cd93161-ebb8-4a68-8d81-f4d07d0f6eb1 lost focus
[2026-06-05 12:31:42.880] [debug] (WindowController) Window 3cd93161-ebb8-4a68-8d81-f4d07d0f6eb1 focused
[2026-06-05 12:31:44.240] [info]  (WindowController) Window 3cd93161-ebb8-4a68-8d81-f4d07d0f6eb1 closed
[2026-06-05 12:31:44.241] [info]  (AppController)    AppController handling closed window: 3cd93161-ebb8-4a68-8d81-f4d07d0f6eb1
[2026-06-05 12:31:44.241] [info]  (AppController)    WindowController for 3cd93161-ebb8-4a68-8d81-f4d07d0f6eb1 removed. Remaining windows: 0
[2026-06-05 12:31:44.241] [info]  (AppController)    Last window closed on non-darwin platform, quitting application.
[2026-06-05 12:31:44.241] [info]  (AppController)    App before-quit event triggered in AppController
[2026-06-12 09:24:38.317] [info]                     Requesting single instance lock... Got lock: true
[2026-06-12 09:24:38.320] [info]                     Single instance lock acquired successfully
[2026-06-12 09:24:38.322] [info]  (AppController)    AppController initialized
[2026-06-12 09:24:38.322] [info]  (AppController)    Initializing app event handlers in AppController
[2026-06-12 09:24:38.322] [info]  (TabManager)       TabManager initialized
[2026-06-12 09:24:38.322] [info]  (AppController)    TabManager initialized
[2026-06-12 09:24:38.403] [info]  (AppController)    Electron app is ready via AppController
[2026-06-12 09:24:38.403] [info]  (AppController)    AppController: creating new window with id: 712aea1d-62e2-44f3-a3a1-ffa82b86ee9c {}
[2026-06-12 09:24:38.404] [info]  (WindowController) WindowController initialized for windowId: 712aea1d-62e2-44f3-a3a1-ffa82b86ee9c (useNativeFrame=false)
[2026-06-12 09:24:38.404] [info]  (WindowController) Initializing window: 712aea1d-62e2-44f3-a3a1-ffa82b86ee9c
[2026-06-12 09:24:38.432] [info]  (WindowController) BrowserWindow created for 712aea1d-62e2-44f3-a3a1-ffa82b86ee9c
[2026-06-12 09:24:38.435] [info]  (WindowController) [SpellCheck] Setting spell checker languages: ["en-US"]
[2026-06-12 09:24:38.435] [info]  (WindowController) [SpellCheck] setSpellCheckerLanguages result: undefined
[2026-06-12 09:24:38.435] [info]  (WindowController) Creating tab bar for window 712aea1d-62e2-44f3-a3a1-ffa82b86ee9c
[2026-06-12 09:24:38.440] [debug] (WindowController) Updating view bounds for window 712aea1d-62e2-44f3-a3a1-ffa82b86ee9c: {
  bounds: { x: 16, y: 570, width: 1200, height: 800 },
  isMaximized: false,
  width: 1200,
  height: 800
}
[2026-06-12 09:24:38.443] [info]  (WindowController) Creating initial tab for window 712aea1d-62e2-44f3-a3a1-ffa82b86ee9c
[2026-06-12 09:24:38.444] [info]  (TabManager)       Creating tab f8864936-c83a-4121-b75b-79f398106e56 in window 712aea1d-62e2-44f3-a3a1-ffa82b86ee9c
[2026-06-12 09:24:38.447] [info]  (TabController)    TabController initialized for tab: f8864936-c83a-4121-b75b-79f398106e56 in window: 712aea1d-62e2-44f3-a3a1-ffa82b86ee9c
[2026-06-12 09:24:38.447] [info]  (TabController)    Initializing tab: f8864936-c83a-4121-b75b-79f398106e56
[2026-06-12 09:24:38.449] [debug] (TabController)    Tab f8864936-c83a-4121-b75b-79f398106e56: Spell checker languages set to en-US
[2026-06-12 09:24:38.449] [debug] (TabController)    Tab f8864936-c83a-4121-b75b-79f398106e56: Spell checker enabled: true
[2026-06-12 09:24:38.449] [debug] (TabController)    WebContentsView created for tab: f8864936-c83a-4121-b75b-79f398106e56
[2026-06-12 09:24:38.450] [debug] (TabController)    Event listeners set up for tab: f8864936-c83a-4121-b75b-79f398106e56
[2026-06-12 09:24:38.450] [info]  (TabController)    Tab f8864936-c83a-4121-b75b-79f398106e56: Loading URL https://www.notion.so
[2026-06-12 09:24:38.452] [debug] (TabController)    Tab f8864936-c83a-4121-b75b-79f398106e56: Page loading...
[2026-06-12 09:24:38.457] [info]  (TabManager)       Tab f8864936-c83a-4121-b75b-79f398106e56 created successfully. Total tabs: 1
[2026-06-12 09:24:38.457] [info]  (WindowController) Setting active tab f8864936-c83a-4121-b75b-79f398106e56 for window 712aea1d-62e2-44f3-a3a1-ffa82b86ee9c
[2026-06-12 09:24:38.458] [debug] (WindowController) Updating view bounds for window 712aea1d-62e2-44f3-a3a1-ffa82b86ee9c: {
  bounds: { x: 16, y: 570, width: 1200, height: 800 },
  isMaximized: false,
  width: 1200,
  height: 800
}
[2026-06-12 09:24:38.458] [debug] (WindowController) Set tab content bounds: { x: 0, y: 32, width: 1200, height: 768 }
[2026-06-12 09:24:38.459] [debug] (TabController)    Tab f8864936-c83a-4121-b75b-79f398106e56: Now visible
[2026-06-12 09:24:38.462] [info]  (WindowController) Showing window: 712aea1d-62e2-44f3-a3a1-ffa82b86ee9c
[2026-06-12 09:24:38.463] [debug] (WindowController) Updating view bounds for window 712aea1d-62e2-44f3-a3a1-ffa82b86ee9c: {
  bounds: { x: 16, y: 570, width: 1200, height: 800 },
  isMaximized: false,
  width: 1200,
  height: 800
}
[2026-06-12 09:24:38.463] [debug] (WindowController) Set tab content bounds: { x: 0, y: 32, width: 1200, height: 768 }
[2026-06-12 09:24:38.464] [info]  (WindowController) Focusing window: 712aea1d-62e2-44f3-a3a1-ffa82b86ee9c
[2026-06-12 09:24:38.464] [info]  (AppController)    WindowController for 712aea1d-62e2-44f3-a3a1-ffa82b86ee9c created and initialized. Total windows: 1
[2026-06-12 09:24:38.607] [debug] (WindowController) Updating view bounds for window 712aea1d-62e2-44f3-a3a1-ffa82b86ee9c: {
  bounds: { x: 16, y: 570, width: 1200, height: 800 },
  isMaximized: false,
  width: 1200,
  height: 800
}
[2026-06-12 09:24:38.607] [debug] (WindowController) Set tab content bounds: { x: 0, y: 32, width: 1200, height: 768 }
[2026-06-12 09:24:38.698] [debug] (WindowController) Window 712aea1d-62e2-44f3-a3a1-ffa82b86ee9c moved { x: 16, y: 10, width: 1200, height: 800 }
[2026-06-12 09:24:38.701] [debug] (WindowController) Window 712aea1d-62e2-44f3-a3a1-ffa82b86ee9c focused
[2026-06-12 09:24:38.775] [debug] (TabController)    Tab f8864936-c83a-4121-b75b-79f398106e56: Navigated to https://www.notion.so/
[2026-06-12 09:24:38.790] [debug] (TabController)    Tab f8864936-c83a-4121-b75b-79f398106e56: Title updated to "Notion"
[2026-06-12 09:24:39.383] [debug] (TabController)    Tab f8864936-c83a-4121-b75b-79f398106e56: In-page navigation to https://www.notion.so/
[2026-06-12 09:24:39.402] [debug] (TabController)    Tab f8864936-c83a-4121-b75b-79f398106e56: Page loaded
[2026-06-12 09:24:39.404] [debug] (TabController)    Tab f8864936-c83a-4121-b75b-79f398106e56: Favicon updated
[2026-06-12 09:24:39.849] [debug] (TabController)    Tab f8864936-c83a-4121-b75b-79f398106e56: Page loading...
[2026-06-12 09:24:39.850] [debug] (TabController)    Tab f8864936-c83a-4121-b75b-79f398106e56: In-page navigation to https://www.notion.so/7f82100715b64a148aa798369ff2b314?pvs=66
[2026-06-12 09:24:39.894] [debug] (TabController)    Tab f8864936-c83a-4121-b75b-79f398106e56: Title updated to "Home"
[2026-06-12 09:24:40.208] [debug] (TabController)    Tab f8864936-c83a-4121-b75b-79f398106e56: Favicon updated
[2026-06-12 09:24:40.839] [debug] (TabController)    Tab f8864936-c83a-4121-b75b-79f398106e56: Page loading...
[2026-06-12 09:24:40.840] [debug] (TabController)    Tab f8864936-c83a-4121-b75b-79f398106e56: In-page navigation to https://www.notion.so/myousuf/7f82100715b64a148aa798369ff2b314
[2026-06-12 09:24:40.997] [debug] (WindowController) Window 712aea1d-62e2-44f3-a3a1-ffa82b86ee9c maximized
[2026-06-12 09:24:41.000] [debug] (WindowController) Updating view bounds for window 712aea1d-62e2-44f3-a3a1-ffa82b86ee9c: {
  bounds: { x: 0, y: 0, width: 1232, height: 842 },
  isMaximized: true,
  width: 1232,
  height: 842
}
[2026-06-12 09:24:41.001] [debug] (WindowController) Set tab content bounds: { x: 0, y: 32, width: 1232, height: 810 }
[2026-06-12 09:24:41.002] [debug] (WindowController) Window 712aea1d-62e2-44f3-a3a1-ffa82b86ee9c resized { x: 0, y: 0, width: 1920, height: 1045 }
[2026-06-12 09:24:41.003] [debug] (WindowController) Updating view bounds for window 712aea1d-62e2-44f3-a3a1-ffa82b86ee9c: {
  bounds: { x: 0, y: 0, width: 1920, height: 1045 },
  isMaximized: true,
  width: 1920,
  height: 1045
}
[2026-06-12 09:24:41.004] [debug] (WindowController) Set tab content bounds: { x: 0, y: 32, width: 1920, height: 1013 }
[2026-06-12 09:24:42.376] [debug] (TabController)    Tab f8864936-c83a-4121-b75b-79f398106e56: Page loading...
[2026-06-12 09:24:42.524] [debug] (TabController)    Tab f8864936-c83a-4121-b75b-79f398106e56: Page loading...
[2026-06-12 09:24:43.122] [debug] (TabController)    Tab f8864936-c83a-4121-b75b-79f398106e56: Title updated to "(1) Home"
[2026-06-12 09:25:04.210] [debug] (TabController)    Tab f8864936-c83a-4121-b75b-79f398106e56: Page loading...
[2026-06-12 09:25:04.212] [debug] (TabController)    Tab f8864936-c83a-4121-b75b-79f398106e56: In-page navigation to https://www.notion.so/myousuf/sdms-token-storage-in-database-29d7e452d36b801d9587cb54de46fb63?pvs=26&qid=1%3A70a2cd1d-5004-445d-82fa-45a5a1ba288c%3A4
[2026-06-12 09:25:04.231] [debug] (TabController)    Tab f8864936-c83a-4121-b75b-79f398106e56: Title updated to "(1) sdms token storage in database"
[2026-06-12 09:25:04.234] [debug] (TabController)    Tab f8864936-c83a-4121-b75b-79f398106e56: Page loading...
[2026-06-12 09:25:04.236] [debug] (TabController)    Tab f8864936-c83a-4121-b75b-79f398106e56: In-page navigation to https://www.notion.so/myousuf/sdms-token-storage-in-database-29d7e452d36b801d9587cb54de46fb63
[2026-06-12 09:25:04.237] [debug] (TabController)    Tab f8864936-c83a-4121-b75b-79f398106e56: Favicon updated
[2026-06-12 09:25:12.701] [debug] (TabController)    Tab f8864936-c83a-4121-b75b-79f398106e56: Page loading...
[2026-06-12 09:25:12.703] [debug] (TabController)    Tab f8864936-c83a-4121-b75b-79f398106e56: In-page navigation to https://www.notion.so/myousuf/Biometric-Authentication-1e47e452d36b802da8b0c4f2ce5f1c89?pvs=13
[2026-06-12 09:25:12.719] [debug] (TabController)    Tab f8864936-c83a-4121-b75b-79f398106e56: Title updated to "(1) Biometric Authentication"
[2026-06-12 09:25:12.721] [debug] (TabController)    Tab f8864936-c83a-4121-b75b-79f398106e56: Page loading...
[2026-06-12 09:25:12.722] [debug] (TabController)    Tab f8864936-c83a-4121-b75b-79f398106e56: In-page navigation to https://www.notion.so/myousuf/Biometric-Authentication-1e47e452d36b802da8b0c4f2ce5f1c89
[2026-06-12 09:25:16.107] [debug] (TabController)    Tab f8864936-c83a-4121-b75b-79f398106e56: Page loading...
[2026-06-12 09:25:16.108] [debug] (TabController)    Tab f8864936-c83a-4121-b75b-79f398106e56: In-page navigation to https://www.notion.so/myousuf/Using-Biometric-Token-to-Login-1ea7e452d36b809d95d3cef463c29315?pvs=13
[2026-06-12 09:25:16.127] [debug] (TabController)    Tab f8864936-c83a-4121-b75b-79f398106e56: Title updated to "(1) Using Biometric Token to Login"
[2026-06-12 09:25:16.130] [debug] (TabController)    Tab f8864936-c83a-4121-b75b-79f398106e56: Page loading...
[2026-06-12 09:25:16.131] [debug] (TabController)    Tab f8864936-c83a-4121-b75b-79f398106e56: In-page navigation to https://www.notion.so/myousuf/Using-Biometric-Token-to-Login-1ea7e452d36b809d95d3cef463c29315
[2026-06-12 09:25:18.713] [debug] (TabController)    Tab f8864936-c83a-4121-b75b-79f398106e56: Page loading...
[2026-06-12 09:25:18.715] [debug] (TabController)    Tab f8864936-c83a-4121-b75b-79f398106e56: In-page navigation to https://www.notion.so/myousuf/Feature-Requests-from-Cheung-Sir-1e17e452d36b80be9c70c1209d71b3f7?pvs=13
[2026-06-12 09:25:18.727] [debug] (TabController)    Tab f8864936-c83a-4121-b75b-79f398106e56: Title updated to "(1) Feature Requests from Cheung Sir"
[2026-06-12 09:25:18.730] [debug] (TabController)    Tab f8864936-c83a-4121-b75b-79f398106e56: Page loading...
[2026-06-12 09:25:18.733] [debug] (TabController)    Tab f8864936-c83a-4121-b75b-79f398106e56: In-page navigation to https://www.notion.so/myousuf/Feature-Requests-from-Cheung-Sir-1e17e452d36b80be9c70c1209d71b3f7
[2026-06-12 09:25:20.810] [debug] (TabController)    Tab f8864936-c83a-4121-b75b-79f398106e56: Page loading...
[2026-06-12 09:25:20.812] [debug] (TabController)    Tab f8864936-c83a-4121-b75b-79f398106e56: In-page navigation to https://www.notion.so/myousuf/Elearning-corner-redirect-1f17e452d36b80be8260c5c2232f53fd?pvs=13
[2026-06-12 09:25:20.822] [debug] (TabController)    Tab f8864936-c83a-4121-b75b-79f398106e56: Title updated to "(1) Elearning corner redirect"
[2026-06-12 09:25:20.826] [debug] (TabController)    Tab f8864936-c83a-4121-b75b-79f398106e56: Page loading...
[2026-06-12 09:25:20.828] [debug] (TabController)    Tab f8864936-c83a-4121-b75b-79f398106e56: In-page navigation to https://www.notion.so/myousuf/Elearning-corner-redirect-1f17e452d36b80be8260c5c2232f53fd
[2026-06-12 09:25:22.410] [debug] (TabController)    Tab f8864936-c83a-4121-b75b-79f398106e56: Page loading...
[2026-06-12 09:25:22.412] [debug] (TabController)    Tab f8864936-c83a-4121-b75b-79f398106e56: In-page navigation to https://www.notion.so/myousuf/Encoding-and-Matching-of-Ldap-Attributes-for-biometric-authentication-1f17e452d36b808fb63dd674a0d192b7?pvs=13
[2026-06-12 09:25:22.425] [debug] (TabController)    Tab f8864936-c83a-4121-b75b-79f398106e56: Title updated to "(1) Encoding and Matching of Ldap Attributes for biometric authentication"
[2026-06-12 09:25:22.427] [debug] (TabController)    Tab f8864936-c83a-4121-b75b-79f398106e56: Page loading...
[2026-06-12 09:25:22.429] [debug] (TabController)    Tab f8864936-c83a-4121-b75b-79f398106e56: In-page navigation to https://www.notion.so/myousuf/Encoding-and-Matching-of-Ldap-Attributes-for-biometric-authentication-1f17e452d36b808fb63dd674a0d192b7
[2026-06-12 09:25:25.373] [debug] (TabController)    Tab f8864936-c83a-4121-b75b-79f398106e56: Page loading...
[2026-06-12 09:25:25.375] [debug] (TabController)    Tab f8864936-c83a-4121-b75b-79f398106e56: In-page navigation to https://www.notion.so/myousuf/Specification-Document-Favorites-Management-Feature-1f57e452d36b8024bf8ec212dcdda017?pvs=13
[2026-06-12 09:25:25.386] [debug] (TabController)    Tab f8864936-c83a-4121-b75b-79f398106e56: Title updated to "(1) Specification Document: Favorites Management Feature"
[2026-06-12 09:25:25.389] [debug] (TabController)    Tab f8864936-c83a-4121-b75b-79f398106e56: Page loading...
[2026-06-12 09:25:25.392] [debug] (TabController)    Tab f8864936-c83a-4121-b75b-79f398106e56: In-page navigation to https://www.notion.so/myousuf/Specification-Document-Favorites-Management-Feature-1f57e452d36b8024bf8ec212dcdda017
[2026-06-12 09:25:27.391] [debug] (TabController)    Tab f8864936-c83a-4121-b75b-79f398106e56: Page loading...
[2026-06-12 09:25:27.392] [debug] (TabController)    Tab f8864936-c83a-4121-b75b-79f398106e56: In-page navigation to https://www.notion.so/myousuf/64-github-token-1fa7e452d36b80178608e51839a62a33?pvs=13
[2026-06-12 09:25:27.404] [debug] (TabController)    Tab f8864936-c83a-4121-b75b-79f398106e56: Title updated to "(1) 64 github token"
[2026-06-12 09:25:27.406] [debug] (TabController)    Tab f8864936-c83a-4121-b75b-79f398106e56: Page loading...
[2026-06-12 09:25:27.408] [debug] (TabController)    Tab f8864936-c83a-4121-b75b-79f398106e56: In-page navigation to https://www.notion.so/myousuf/64-github-token-1fa7e452d36b80178608e51839a62a33
[2026-06-12 09:25:28.592] [debug] (TabController)    Tab f8864936-c83a-4121-b75b-79f398106e56: Page loading...
[2026-06-12 09:25:28.594] [debug] (TabController)    Tab f8864936-c83a-4121-b75b-79f398106e56: In-page navigation to https://www.notion.so/myousuf/Duty-Roster-X-KMS-SSO-23f7e452d36b80e6a941df01aceb5818?pvs=13
[2026-06-12 09:25:28.604] [debug] (TabController)    Tab f8864936-c83a-4121-b75b-79f398106e56: Title updated to "(1) Duty Roster X KMS : SSO"
[2026-06-12 09:25:28.608] [debug] (TabController)    Tab f8864936-c83a-4121-b75b-79f398106e56: Page loading...
[2026-06-12 09:25:28.610] [debug] (TabController)    Tab f8864936-c83a-4121-b75b-79f398106e56: In-page navigation to https://www.notion.so/myousuf/Duty-Roster-X-KMS-SSO-23f7e452d36b80e6a941df01aceb5818
[2026-06-12 09:25:38.417] [debug] (TabController)    Tab f8864936-c83a-4121-b75b-79f398106e56: Title updated to "(1) S X KMS : SSO"
[2026-06-12 09:25:38.420] [debug] (TabController)    Tab f8864936-c83a-4121-b75b-79f398106e56: Page loading...
[2026-06-12 09:25:38.422] [debug] (TabController)    Tab f8864936-c83a-4121-b75b-79f398106e56: In-page navigation to https://www.notion.so/myousuf/S-X-KMS-SSO-23f7e452d36b80e6a941df01aceb5818
[2026-06-12 09:25:39.042] [debug] (TabController)    Tab f8864936-c83a-4121-b75b-79f398106e56: Title updated to "(1) SD X KMS : SSO"
[2026-06-12 09:25:39.044] [debug] (TabController)    Tab f8864936-c83a-4121-b75b-79f398106e56: Page loading...
[2026-06-12 09:25:39.046] [debug] (TabController)    Tab f8864936-c83a-4121-b75b-79f398106e56: In-page navigation to https://www.notion.so/myousuf/SD-X-KMS-SSO-23f7e452d36b80e6a941df01aceb5818
[2026-06-12 09:25:39.283] [debug] (TabController)    Tab f8864936-c83a-4121-b75b-79f398106e56: Title updated to "(1) SDM X KMS : SSO"
[2026-06-12 09:25:39.285] [debug] (TabController)    Tab f8864936-c83a-4121-b75b-79f398106e56: Page loading...
[2026-06-12 09:25:39.286] [debug] (TabController)    Tab f8864936-c83a-4121-b75b-79f398106e56: In-page navigation to https://www.notion.so/myousuf/SDM-X-KMS-SSO-23f7e452d36b80e6a941df01aceb5818
[2026-06-12 09:25:39.887] [debug] (TabController)    Tab f8864936-c83a-4121-b75b-79f398106e56: Title updated to "(1) SDMS X KMS : SSO"
[2026-06-12 09:25:39.890] [debug] (TabController)    Tab f8864936-c83a-4121-b75b-79f398106e56: Page loading...
[2026-06-12 09:25:39.892] [debug] (TabController)    Tab f8864936-c83a-4121-b75b-79f398106e56: In-page navigation to https://www.notion.so/myousuf/SDMS-X-KMS-SSO-23f7e452d36b80e6a941df01aceb5818
[2026-06-12 09:25:46.542] [debug] (TabController)    Tab f8864936-c83a-4121-b75b-79f398106e56: Page loading...
[2026-06-12 09:25:46.543] [debug] (TabController)    Tab f8864936-c83a-4121-b75b-79f398106e56: In-page navigation to https://www.notion.so/myousuf/Duty-Roster-x-KMS-SSO-23f7e452d36b80758c79dae44a91693c?pvs=13
[2026-06-12 09:25:46.556] [debug] (TabController)    Tab f8864936-c83a-4121-b75b-79f398106e56: Title updated to "(1) Duty Roster x KMS : SSO"
[2026-06-12 09:25:46.559] [debug] (TabController)    Tab f8864936-c83a-4121-b75b-79f398106e56: Page loading...
[2026-06-12 09:25:46.560] [debug] (TabController)    Tab f8864936-c83a-4121-b75b-79f398106e56: In-page navigation to https://www.notion.so/myousuf/Duty-Roster-x-KMS-SSO-23f7e452d36b80758c79dae44a91693c
[2026-06-12 09:26:33.390] [debug] (WindowController) Window 712aea1d-62e2-44f3-a3a1-ffa82b86ee9c lost focus
[2026-06-12 09:27:46.421] [debug] (WindowController) Window 712aea1d-62e2-44f3-a3a1-ffa82b86ee9c focused
[2026-06-12 09:27:46.422] [debug] (WindowController) Window 712aea1d-62e2-44f3-a3a1-ffa82b86ee9c lost focus
[2026-06-12 09:28:13.042] [debug] (WindowController) Window 712aea1d-62e2-44f3-a3a1-ffa82b86ee9c focused
[2026-06-12 09:28:13.073] [debug] (WindowController) Window 712aea1d-62e2-44f3-a3a1-ffa82b86ee9c lost focus
[2026-06-12 09:28:54.141] [debug] (WindowController) Window 712aea1d-62e2-44f3-a3a1-ffa82b86ee9c focused
[2026-06-12 09:28:54.143] [debug] (WindowController) Window 712aea1d-62e2-44f3-a3a1-ffa82b86ee9c lost focus
[2026-06-12 09:29:01.644] [debug] (WindowController) Window 712aea1d-62e2-44f3-a3a1-ffa82b86ee9c focused
[2026-06-12 09:29:01.646] [debug] (WindowController) Window 712aea1d-62e2-44f3-a3a1-ffa82b86ee9c lost focus
[2026-06-12 09:30:21.004] [debug] (WindowController) Window 712aea1d-62e2-44f3-a3a1-ffa82b86ee9c focused
[2026-06-12 09:30:21.188] [debug] (WindowController) Window 712aea1d-62e2-44f3-a3a1-ffa82b86ee9c lost focus
[2026-06-12 09:34:09.433] [debug] (WindowController) Window 712aea1d-62e2-44f3-a3a1-ffa82b86ee9c focused
[2026-06-12 09:34:15.552] [debug] (WindowController) Window 712aea1d-62e2-44f3-a3a1-ffa82b86ee9c lost focus
[2026-06-12 09:35:51.169] [debug] (WindowController) Window 712aea1d-62e2-44f3-a3a1-ffa82b86ee9c focused
[2026-06-12 09:36:03.084] [debug] (WindowController) Window 712aea1d-62e2-44f3-a3a1-ffa82b86ee9c lost focus
[2026-06-12 09:50:26.004] [debug] (WindowController) Window 712aea1d-62e2-44f3-a3a1-ffa82b86ee9c focused
[2026-06-12 09:50:29.459] [debug] (WindowController) Window 712aea1d-62e2-44f3-a3a1-ffa82b86ee9c lost focus
[2026-06-12 09:51:04.347] [debug] (WindowController) Window 712aea1d-62e2-44f3-a3a1-ffa82b86ee9c focused
[2026-06-12 09:51:18.109] [debug] (WindowController) Window 712aea1d-62e2-44f3-a3a1-ffa82b86ee9c lost focus
[2026-06-12 09:52:17.843] [debug] (WindowController) Window 712aea1d-62e2-44f3-a3a1-ffa82b86ee9c focused
[2026-06-12 09:52:17.977] [debug] (TabController)    Tab f8864936-c83a-4121-b75b-79f398106e56: Page loading...
[2026-06-12 09:52:17.980] [debug] (TabController)    Tab f8864936-c83a-4121-b75b-79f398106e56: In-page navigation to https://www.notion.so/myousuf/CSDKMS-x-SDMS-Single-Sign-On-SSO-Proposal-2427e452d36b805a93afe64ee6f588ad?pvs=13
[2026-06-12 09:52:17.998] [debug] (TabController)    Tab f8864936-c83a-4121-b75b-79f398106e56: Title updated to "(1) CSDKMS x SDMS : Single Sign-On (SSO) Proposal"
[2026-06-12 09:52:18.003] [debug] (TabController)    Tab f8864936-c83a-4121-b75b-79f398106e56: Page loading...
[2026-06-12 09:52:18.005] [debug] (TabController)    Tab f8864936-c83a-4121-b75b-79f398106e56: In-page navigation to https://www.notion.so/myousuf/CSDKMS-x-SDMS-Single-Sign-On-SSO-Proposal-2427e452d36b805a93afe64ee6f588ad
[2026-06-12 09:52:29.533] [debug] (WindowController) Window 712aea1d-62e2-44f3-a3a1-ffa82b86ee9c lost focus
[2026-06-12 09:54:02.865] [debug] (WindowController) Window 712aea1d-62e2-44f3-a3a1-ffa82b86ee9c focused
[2026-06-12 09:54:24.498] [debug] (WindowController) Window 712aea1d-62e2-44f3-a3a1-ffa82b86ee9c lost focus
[2026-06-12 09:54:27.099] [debug] (WindowController) Window 712aea1d-62e2-44f3-a3a1-ffa82b86ee9c focused
[2026-06-12 09:54:53.192] [debug] (WindowController) Window 712aea1d-62e2-44f3-a3a1-ffa82b86ee9c lost focus
[2026-06-12 09:55:45.979] [debug] (WindowController) Window 712aea1d-62e2-44f3-a3a1-ffa82b86ee9c focused
[2026-06-12 09:55:53.716] [debug] (WindowController) Window 712aea1d-62e2-44f3-a3a1-ffa82b86ee9c lost focus
[2026-06-12 11:20:18.854] [debug] (WindowController) Window 712aea1d-62e2-44f3-a3a1-ffa82b86ee9c focused
[2026-06-12 11:20:18.859] [debug] (WindowController) Window 712aea1d-62e2-44f3-a3a1-ffa82b86ee9c lost focus
[2026-06-12 11:20:35.715] [debug] (WindowController) Window 712aea1d-62e2-44f3-a3a1-ffa82b86ee9c focused
[2026-06-12 11:20:35.716] [debug] (WindowController) Window 712aea1d-62e2-44f3-a3a1-ffa82b86ee9c lost focus
[2026-06-12 11:20:36.415] [debug] (WindowController) Window 712aea1d-62e2-44f3-a3a1-ffa82b86ee9c focused
[2026-06-12 11:20:36.580] [debug] (WindowController) Window 712aea1d-62e2-44f3-a3a1-ffa82b86ee9c lost focus
[2026-06-12 11:27:48.333] [debug] (WindowController) Window 712aea1d-62e2-44f3-a3a1-ffa82b86ee9c focused
[2026-06-12 11:27:50.904] [debug] (TabController)    Tab f8864936-c83a-4121-b75b-79f398106e56: Page loading...
[2026-06-12 11:27:50.907] [debug] (TabController)    Tab f8864936-c83a-4121-b75b-79f398106e56: In-page navigation to https://www.notion.so/myousuf/Work-Log-3487e452d36b8070a871fc19682524c5?pvs=26&qid=1%3A2a81b053-9a83-41dd-8912-589bbb549ff0%3A0
[2026-06-12 11:27:50.928] [debug] (TabController)    Tab f8864936-c83a-4121-b75b-79f398106e56: Title updated to "(1) Work Log"
[2026-06-12 11:27:50.932] [debug] (TabController)    Tab f8864936-c83a-4121-b75b-79f398106e56: Page loading...
[2026-06-12 11:27:50.934] [debug] (TabController)    Tab f8864936-c83a-4121-b75b-79f398106e56: In-page navigation to https://www.notion.so/myousuf/Work-Log-3487e452d36b8070a871fc19682524c5
[2026-06-12 11:27:51.135] [debug] (TabController)    Tab f8864936-c83a-4121-b75b-79f398106e56: Favicon updated
[2026-06-12 11:27:53.381] [debug] (TabController)    Tab f8864936-c83a-4121-b75b-79f398106e56: Page loading...
[2026-06-12 11:27:53.384] [debug] (TabController)    Tab f8864936-c83a-4121-b75b-79f398106e56: In-page navigation to https://www.notion.so/myousuf/Work-Log-3487e452d36b8070a871fc19682524c5?p=37d7e452d36b80d09f95c4ee87bf8d14&pm=c&pvs=31
[2026-06-12 11:27:53.418] [debug] (TabController)    Tab f8864936-c83a-4121-b75b-79f398106e56: Page loading...
[2026-06-12 11:27:53.420] [debug] (TabController)    Tab f8864936-c83a-4121-b75b-79f398106e56: In-page navigation to https://www.notion.so/myousuf/Work-Log-3487e452d36b8070a871fc19682524c5?p=37d7e452d36b80d09f95c4ee87bf8d14&pm=c
[2026-06-12 11:28:07.736] [debug] (WindowController) Window 712aea1d-62e2-44f3-a3a1-ffa82b86ee9c lost focus
[2026-06-12 11:28:13.568] [debug] (WindowController) Window 712aea1d-62e2-44f3-a3a1-ffa82b86ee9c focused
[2026-06-12 11:28:14.859] [debug] (WindowController) Window 712aea1d-62e2-44f3-a3a1-ffa82b86ee9c lost focus
[2026-06-12 11:28:33.997] [debug] (WindowController) Window 712aea1d-62e2-44f3-a3a1-ffa82b86ee9c focused
[2026-06-12 11:28:33.998] [debug] (WindowController) Window 712aea1d-62e2-44f3-a3a1-ffa82b86ee9c lost focus
[2026-06-12 11:28:34.711] [debug] (WindowController) Window 712aea1d-62e2-44f3-a3a1-ffa82b86ee9c focused
[2026-06-12 11:29:12.561] [debug] (WindowController) Window 712aea1d-62e2-44f3-a3a1-ffa82b86ee9c lost focus
[2026-06-12 11:31:22.411] [debug] (WindowController) Window 712aea1d-62e2-44f3-a3a1-ffa82b86ee9c focused
[2026-06-12 11:31:22.413] [debug] (WindowController) Window 712aea1d-62e2-44f3-a3a1-ffa82b86ee9c lost focus
[2026-06-12 11:31:23.078] [debug] (WindowController) Window 712aea1d-62e2-44f3-a3a1-ffa82b86ee9c focused
[2026-06-12 11:31:41.060] [debug] (WindowController) Window 712aea1d-62e2-44f3-a3a1-ffa82b86ee9c lost focus
[2026-06-12 11:31:52.890] [debug] (WindowController) Window 712aea1d-62e2-44f3-a3a1-ffa82b86ee9c focused
[2026-06-12 11:31:52.892] [debug] (WindowController) Window 712aea1d-62e2-44f3-a3a1-ffa82b86ee9c lost focus
[2026-06-12 11:31:53.560] [debug] (WindowController) Window 712aea1d-62e2-44f3-a3a1-ffa82b86ee9c focused
[2026-06-12 11:32:08.736] [debug] (WindowController) Window 712aea1d-62e2-44f3-a3a1-ffa82b86ee9c lost focus
[2026-06-12 11:47:20.706] [debug] (WindowController) Window 712aea1d-62e2-44f3-a3a1-ffa82b86ee9c focused
[2026-06-12 11:47:20.821] [debug] (WindowController) Window 712aea1d-62e2-44f3-a3a1-ffa82b86ee9c lost focus
[2026-06-12 11:47:22.735] [debug] (WindowController) Window 712aea1d-62e2-44f3-a3a1-ffa82b86ee9c focused
[2026-06-12 11:47:22.908] [debug] (WindowController) Window 712aea1d-62e2-44f3-a3a1-ffa82b86ee9c lost focus
[2026-06-12 12:48:21.927] [debug] (WindowController) Window 712aea1d-62e2-44f3-a3a1-ffa82b86ee9c resized { x: 0, y: 0, width: 1920, height: 1048 }
[2026-06-12 12:48:21.937] [debug] (WindowController) Updating view bounds for window 712aea1d-62e2-44f3-a3a1-ffa82b86ee9c: {
  bounds: { x: 0, y: 0, width: 1920, height: 1048 },
  isMaximized: true,
  width: 1920,
  height: 1048
}
[2026-06-12 12:48:21.950] [debug] (WindowController) Set tab content bounds: { x: 0, y: 32, width: 1920, height: 1016 }
[2026-06-12 14:02:01.041] [debug] (WindowController) Window 712aea1d-62e2-44f3-a3a1-ffa82b86ee9c resized { x: 0, y: 0, width: 1920, height: 1045 }
[2026-06-12 14:02:01.046] [debug] (WindowController) Updating view bounds for window 712aea1d-62e2-44f3-a3a1-ffa82b86ee9c: {
  bounds: { x: 0, y: 0, width: 1920, height: 1045 },
  isMaximized: true,
  width: 1920,
  height: 1045
}
[2026-06-12 14:02:01.047] [debug] (WindowController) Set tab content bounds: { x: 0, y: 32, width: 1920, height: 1013 }
[2026-06-12 14:05:31.466] [debug] (WindowController) Window 712aea1d-62e2-44f3-a3a1-ffa82b86ee9c focused
[2026-06-12 14:05:37.552] [debug] (WindowController) Window 712aea1d-62e2-44f3-a3a1-ffa82b86ee9c lost focus
[2026-06-12 14:06:19.661] [debug] (WindowController) Window 712aea1d-62e2-44f3-a3a1-ffa82b86ee9c focused
[2026-06-12 14:06:21.551] [debug] (WindowController) Window 712aea1d-62e2-44f3-a3a1-ffa82b86ee9c lost focus
[2026-06-12 14:06:21.843] [debug] (WindowController) Window 712aea1d-62e2-44f3-a3a1-ffa82b86ee9c focused
[2026-06-12 14:06:22.029] [debug] (WindowController) Window 712aea1d-62e2-44f3-a3a1-ffa82b86ee9c lost focus
[2026-06-12 14:06:22.287] [debug] (WindowController) Window 712aea1d-62e2-44f3-a3a1-ffa82b86ee9c focused
[2026-06-12 14:06:22.591] [debug] (WindowController) Window 712aea1d-62e2-44f3-a3a1-ffa82b86ee9c lost focus
[2026-06-12 14:06:22.853] [debug] (WindowController) Window 712aea1d-62e2-44f3-a3a1-ffa82b86ee9c focused
[2026-06-12 14:06:22.870] [debug] (WindowController) Window 712aea1d-62e2-44f3-a3a1-ffa82b86ee9c lost focus
[2026-06-12 14:06:23.119] [debug] (WindowController) Window 712aea1d-62e2-44f3-a3a1-ffa82b86ee9c focused
[2026-06-12 14:06:23.476] [debug] (WindowController) Window 712aea1d-62e2-44f3-a3a1-ffa82b86ee9c lost focus
[2026-06-12 14:06:23.730] [debug] (WindowController) Window 712aea1d-62e2-44f3-a3a1-ffa82b86ee9c focused
[2026-06-12 14:06:25.784] [debug] (WindowController) Window 712aea1d-62e2-44f3-a3a1-ffa82b86ee9c lost focus
[2026-06-12 14:06:25.798] [debug] (WindowController) Window 712aea1d-62e2-44f3-a3a1-ffa82b86ee9c unmaximized
[2026-06-12 14:06:25.798] [debug] (WindowController) Window 712aea1d-62e2-44f3-a3a1-ffa82b86ee9c resized { x: 16, y: 10, width: 1170, height: 759 }
[2026-06-12 14:06:25.799] [debug] (WindowController) Updating view bounds for window 712aea1d-62e2-44f3-a3a1-ffa82b86ee9c: {
  bounds: { x: 16, y: 10, width: 1170, height: 759 },
  isMaximized: false,
  width: 1170,
  height: 759
}
[2026-06-12 14:06:25.800] [debug] (WindowController) Set tab content bounds: { x: 0, y: 32, width: 1170, height: 727 }
[2026-06-12 14:06:25.801] [debug] (WindowController) Updating view bounds for window 712aea1d-62e2-44f3-a3a1-ffa82b86ee9c: {
  bounds: { x: 16, y: 10, width: 1170, height: 759 },
  isMaximized: false,
  width: 1170,
  height: 759
}
[2026-06-12 14:06:25.802] [debug] (WindowController) Set tab content bounds: { x: 0, y: 32, width: 1170, height: 727 }
[2026-06-12 14:06:26.953] [debug] (WindowController) Window 712aea1d-62e2-44f3-a3a1-ffa82b86ee9c focused
[2026-06-12 14:06:30.029] [debug] (WindowController) Window 712aea1d-62e2-44f3-a3a1-ffa82b86ee9c lost focus
[2026-06-12 14:06:30.891] [debug] (WindowController) Window 712aea1d-62e2-44f3-a3a1-ffa82b86ee9c focused
[2026-06-12 14:06:34.817] [debug] (WindowController) Window 712aea1d-62e2-44f3-a3a1-ffa82b86ee9c resized { x: 16, y: 10, width: 960, height: 1045 }
[2026-06-12 14:06:34.819] [debug] (WindowController) Updating view bounds for window 712aea1d-62e2-44f3-a3a1-ffa82b86ee9c: {
  bounds: { x: 16, y: 10, width: 960, height: 1045 },
  isMaximized: false,
  width: 960,
  height: 1045
}
[2026-06-12 14:06:34.819] [debug] (WindowController) Set tab content bounds: { x: 0, y: 32, width: 960, height: 1013 }
[2026-06-12 14:06:34.848] [debug] (WindowController) Window 712aea1d-62e2-44f3-a3a1-ffa82b86ee9c lost focus
[2026-06-12 14:06:38.205] [debug] (WindowController) Window 712aea1d-62e2-44f3-a3a1-ffa82b86ee9c focused
[2026-06-12 14:06:40.051] [debug] (WindowController) Window 712aea1d-62e2-44f3-a3a1-ffa82b86ee9c lost focus
[2026-06-12 14:06:42.233] [debug] (WindowController) Window 712aea1d-62e2-44f3-a3a1-ffa82b86ee9c focused
[2026-06-12 14:06:56.104] [debug] (WindowController) Window 712aea1d-62e2-44f3-a3a1-ffa82b86ee9c lost focus
[2026-06-12 14:07:04.809] [debug] (WindowController) Window 712aea1d-62e2-44f3-a3a1-ffa82b86ee9c focused
[2026-06-12 14:07:28.380] [debug] (WindowController) Window 712aea1d-62e2-44f3-a3a1-ffa82b86ee9c lost focus
[2026-06-12 14:07:35.644] [debug] (WindowController) Window 712aea1d-62e2-44f3-a3a1-ffa82b86ee9c focused
[2026-06-12 14:07:38.029] [debug] (WindowController) Window 712aea1d-62e2-44f3-a3a1-ffa82b86ee9c lost focus
[2026-06-12 14:07:51.802] [debug] (WindowController) Window 712aea1d-62e2-44f3-a3a1-ffa82b86ee9c focused
[2026-06-12 14:07:56.054] [debug] (WindowController) Window 712aea1d-62e2-44f3-a3a1-ffa82b86ee9c lost focus
[2026-06-12 14:08:20.922] [debug] (WindowController) Window 712aea1d-62e2-44f3-a3a1-ffa82b86ee9c focused
[2026-06-12 14:08:28.458] [debug] (WindowController) Window 712aea1d-62e2-44f3-a3a1-ffa82b86ee9c lost focus
[2026-06-12 14:09:47.014] [debug] (WindowController) Window 712aea1d-62e2-44f3-a3a1-ffa82b86ee9c focused
[2026-06-12 14:09:47.998] [debug] (WindowController) Window 712aea1d-62e2-44f3-a3a1-ffa82b86ee9c lost focus
[2026-06-12 14:09:48.721] [debug] (WindowController) Window 712aea1d-62e2-44f3-a3a1-ffa82b86ee9c focused
[2026-06-12 14:09:48.723] [debug] (WindowController) Window 712aea1d-62e2-44f3-a3a1-ffa82b86ee9c lost focus
[2026-06-12 14:09:53.526] [debug] (WindowController) Window 712aea1d-62e2-44f3-a3a1-ffa82b86ee9c focused
[2026-06-12 14:09:53.527] [debug] (WindowController) Window 712aea1d-62e2-44f3-a3a1-ffa82b86ee9c lost focus
[2026-06-12 14:26:12.821] [debug] (WindowController) Window 712aea1d-62e2-44f3-a3a1-ffa82b86ee9c focused
[2026-06-12 14:26:15.166] [debug] (WindowController) Window 712aea1d-62e2-44f3-a3a1-ffa82b86ee9c lost focus
[2026-06-12 14:27:56.641] [debug] (WindowController) Window 712aea1d-62e2-44f3-a3a1-ffa82b86ee9c focused
[2026-06-12 14:28:34.005] [debug] (WindowController) Window 712aea1d-62e2-44f3-a3a1-ffa82b86ee9c lost focus
[2026-06-12 14:53:05.001] [debug] (WindowController) Window 712aea1d-62e2-44f3-a3a1-ffa82b86ee9c focused
[2026-06-12 14:53:07.942] [debug] (WindowController) Window 712aea1d-62e2-44f3-a3a1-ffa82b86ee9c lost focus
[2026-06-12 14:53:09.128] [debug] (WindowController) Window 712aea1d-62e2-44f3-a3a1-ffa82b86ee9c focused
[2026-06-12 14:53:10.159] [debug] (WindowController) Window 712aea1d-62e2-44f3-a3a1-ffa82b86ee9c lost focus
[2026-06-12 14:56:04.811] [debug] (WindowController) Window 712aea1d-62e2-44f3-a3a1-ffa82b86ee9c focused
[2026-06-12 14:56:04.812] [debug] (WindowController) Window 712aea1d-62e2-44f3-a3a1-ffa82b86ee9c lost focus
[2026-06-12 14:58:38.340] [debug] (WindowController) Window 712aea1d-62e2-44f3-a3a1-ffa82b86ee9c focused
[2026-06-12 14:58:38.341] [debug] (WindowController) Window 712aea1d-62e2-44f3-a3a1-ffa82b86ee9c lost focus
[2026-06-12 14:58:56.033] [debug] (WindowController) Window 712aea1d-62e2-44f3-a3a1-ffa82b86ee9c focused
[2026-06-12 14:58:56.130] [debug] (WindowController) Window 712aea1d-62e2-44f3-a3a1-ffa82b86ee9c lost focus
[2026-06-12 15:03:01.837] [debug] (WindowController) Window 712aea1d-62e2-44f3-a3a1-ffa82b86ee9c focused
[2026-06-12 15:03:01.839] [debug] (WindowController) Window 712aea1d-62e2-44f3-a3a1-ffa82b86ee9c lost focus
[2026-06-12 15:03:58.536] [debug] (WindowController) Window 712aea1d-62e2-44f3-a3a1-ffa82b86ee9c focused
[2026-06-12 15:03:58.537] [debug] (WindowController) Window 712aea1d-62e2-44f3-a3a1-ffa82b86ee9c lost focus
[2026-06-12 15:07:54.205] [debug] (WindowController) Window 712aea1d-62e2-44f3-a3a1-ffa82b86ee9c focused
[2026-06-12 15:07:54.206] [debug] (WindowController) Window 712aea1d-62e2-44f3-a3a1-ffa82b86ee9c lost focus
[2026-06-12 15:08:53.828] [debug] (WindowController) Window 712aea1d-62e2-44f3-a3a1-ffa82b86ee9c focused
[2026-06-12 15:08:53.998] [debug] (WindowController) Window 712aea1d-62e2-44f3-a3a1-ffa82b86ee9c lost focus
[2026-06-12 15:11:25.039] [debug] (WindowController) Window 712aea1d-62e2-44f3-a3a1-ffa82b86ee9c focused
[2026-06-12 15:11:25.040] [debug] (WindowController) Window 712aea1d-62e2-44f3-a3a1-ffa82b86ee9c lost focus
[2026-06-12 15:12:23.527] [debug] (WindowController) Window 712aea1d-62e2-44f3-a3a1-ffa82b86ee9c focused
[2026-06-12 15:12:23.529] [debug] (WindowController) Window 712aea1d-62e2-44f3-a3a1-ffa82b86ee9c lost focus
[2026-06-12 15:12:24.105] [debug] (WindowController) Window 712aea1d-62e2-44f3-a3a1-ffa82b86ee9c focused
[2026-06-12 15:12:24.107] [debug] (WindowController) Window 712aea1d-62e2-44f3-a3a1-ffa82b86ee9c lost focus
[2026-06-12 15:12:24.367] [debug] (WindowController) Window 712aea1d-62e2-44f3-a3a1-ffa82b86ee9c focused
[2026-06-12 15:12:24.368] [debug] (WindowController) Window 712aea1d-62e2-44f3-a3a1-ffa82b86ee9c lost focus
[2026-06-12 15:12:24.748] [debug] (WindowController) Window 712aea1d-62e2-44f3-a3a1-ffa82b86ee9c focused
[2026-06-12 15:12:24.793] [debug] (WindowController) Window 712aea1d-62e2-44f3-a3a1-ffa82b86ee9c lost focus
[2026-06-12 15:12:25.707] [debug] (WindowController) Window 712aea1d-62e2-44f3-a3a1-ffa82b86ee9c focused
[2026-06-12 15:12:25.708] [debug] (WindowController) Window 712aea1d-62e2-44f3-a3a1-ffa82b86ee9c lost focus
[2026-06-12 15:12:26.604] [debug] (WindowController) Window 712aea1d-62e2-44f3-a3a1-ffa82b86ee9c focused
[2026-06-12 15:12:26.605] [debug] (WindowController) Window 712aea1d-62e2-44f3-a3a1-ffa82b86ee9c lost focus
[2026-06-12 15:12:27.764] [debug] (WindowController) Window 712aea1d-62e2-44f3-a3a1-ffa82b86ee9c focused
[2026-06-12 15:12:27.769] [debug] (WindowController) Window 712aea1d-62e2-44f3-a3a1-ffa82b86ee9c lost focus
[2026-06-12 15:12:28.207] [debug] (WindowController) Window 712aea1d-62e2-44f3-a3a1-ffa82b86ee9c focused
[2026-06-12 15:12:28.209] [debug] (WindowController) Window 712aea1d-62e2-44f3-a3a1-ffa82b86ee9c lost focus
[2026-06-12 17:28:18.250] [debug] (WindowController) Window 712aea1d-62e2-44f3-a3a1-ffa82b86ee9c focused
[2026-06-12 17:28:19.396] [debug] (WindowController) Window 712aea1d-62e2-44f3-a3a1-ffa82b86ee9c lost focus
[2026-06-12 18:21:44.011] [debug] (WindowController) Window 712aea1d-62e2-44f3-a3a1-ffa82b86ee9c focused
[2026-06-12 18:21:45.531] [debug] (WindowController) Window 712aea1d-62e2-44f3-a3a1-ffa82b86ee9c maximized
[2026-06-12 18:21:45.539] [debug] (WindowController) Updating view bounds for window 712aea1d-62e2-44f3-a3a1-ffa82b86ee9c: {
  bounds: { x: 0, y: 0, width: 992, height: 1087 },
  isMaximized: true,
  width: 992,
  height: 1087
}
[2026-06-12 18:21:45.540] [debug] (WindowController) Set tab content bounds: { x: 0, y: 32, width: 992, height: 1055 }
[2026-06-12 18:21:45.546] [debug] (WindowController) Window 712aea1d-62e2-44f3-a3a1-ffa82b86ee9c resized { x: 0, y: 0, width: 1920, height: 1045 }
[2026-06-12 18:21:45.548] [debug] (WindowController) Updating view bounds for window 712aea1d-62e2-44f3-a3a1-ffa82b86ee9c: {
  bounds: { x: 0, y: 0, width: 1920, height: 1045 },
  isMaximized: true,
  width: 1920,
  height: 1045
}
[2026-06-12 18:21:45.549] [debug] (WindowController) Set tab content bounds: { x: 0, y: 32, width: 1920, height: 1013 }
[2026-06-12 18:21:47.153] [debug] (TabController)    Tab f8864936-c83a-4121-b75b-79f398106e56: Page loading...
[2026-06-12 18:21:47.155] [debug] (TabController)    Tab f8864936-c83a-4121-b75b-79f398106e56: In-page navigation to https://www.notion.so/myousuf/Work-Log-3487e452d36b8070a871fc19682524c5?pvs=32
[2026-06-12 18:21:47.165] [debug] (TabController)    Tab f8864936-c83a-4121-b75b-79f398106e56: Page loading...
[2026-06-12 18:21:47.166] [debug] (TabController)    Tab f8864936-c83a-4121-b75b-79f398106e56: In-page navigation to https://www.notion.so/myousuf/Work-Log-3487e452d36b8070a871fc19682524c5
[2026-06-12 18:21:56.162] [debug] (TabController)    Tab f8864936-c83a-4121-b75b-79f398106e56: Page loading...
[2026-06-12 18:21:56.164] [debug] (TabController)    Tab f8864936-c83a-4121-b75b-79f398106e56: In-page navigation to https://www.notion.so/myousuf/37d7e452d36b80338cb2c6caa6a5e529?pvs=43
[2026-06-12 18:21:56.682] [debug] (TabController)    Tab f8864936-c83a-4121-b75b-79f398106e56: Title updated to "(1) New page"
[2026-06-12 18:21:56.685] [debug] (TabController)    Tab f8864936-c83a-4121-b75b-79f398106e56: Page loading...
[2026-06-12 18:21:56.686] [debug] (TabController)    Tab f8864936-c83a-4121-b75b-79f398106e56: In-page navigation to https://www.notion.so/myousuf/37d7e452d36b80338cb2c6caa6a5e529
[2026-06-12 18:21:56.687] [debug] (TabController)    Tab f8864936-c83a-4121-b75b-79f398106e56: Favicon updated
[2026-06-12 18:22:04.352] [debug] (WindowController) Window 712aea1d-62e2-44f3-a3a1-ffa82b86ee9c lost focus
[2026-06-12 18:22:08.301] [debug] (WindowController) Window 712aea1d-62e2-44f3-a3a1-ffa82b86ee9c focused
[2026-06-12 18:22:15.134] [debug] (TabController)    Tab f8864936-c83a-4121-b75b-79f398106e56: Title updated to "(1) Manual review time for src/main/java"
[2026-06-12 18:22:15.137] [debug] (TabController)    Tab f8864936-c83a-4121-b75b-79f398106e56: Page loading...
[2026-06-12 18:22:15.139] [debug] (TabController)    Tab f8864936-c83a-4121-b75b-79f398106e56: In-page navigation to https://www.notion.so/myousuf/Manual-review-time-for-src-main-java-37d7e452d36b80338cb2c6caa6a5e529
[2026-06-12 18:22:21.498] [debug] (TabController)    Tab f8864936-c83a-4121-b75b-79f398106e56: Opening external URL in browser: https://myousuf.notion.site/Manual-review-time-for-src-main-java-37d7e452d36b80338cb2c6caa6a5e529?pvs=74
[2026-06-12 18:22:23.069] [debug] (WindowController) Window 712aea1d-62e2-44f3-a3a1-ffa82b86ee9c lost focus
[2026-06-12 18:22:25.807] [debug] (WindowController) Window 712aea1d-62e2-44f3-a3a1-ffa82b86ee9c focused
[2026-06-12 18:22:30.202] [debug] (TabController)    Tab f8864936-c83a-4121-b75b-79f398106e56: Title updated to "(1) New page"
[2026-06-12 18:22:30.209] [debug] (TabController)    Tab f8864936-c83a-4121-b75b-79f398106e56: Page loading...
[2026-06-12 18:22:30.215] [debug] (TabController)    Tab f8864936-c83a-4121-b75b-79f398106e56: In-page navigation to https://www.notion.so/myousuf/37d7e452d36b80338cb2c6caa6a5e529
[2026-06-12 18:22:31.201] [debug] (TabController)    Tab f8864936-c83a-4121-b75b-79f398106e56: Title updated to "(1) B"
[2026-06-12 18:22:31.203] [debug] (TabController)    Tab f8864936-c83a-4121-b75b-79f398106e56: Page loading...
[2026-06-12 18:22:31.206] [debug] (TabController)    Tab f8864936-c83a-4121-b75b-79f398106e56: In-page navigation to https://www.notion.so/myousuf/B-37d7e452d36b80338cb2c6caa6a5e529
[2026-06-12 18:22:32.556] [debug] (TabController)    Tab f8864936-c83a-4121-b75b-79f398106e56: Title updated to "(1) Backend"
[2026-06-12 18:22:32.559] [debug] (TabController)    Tab f8864936-c83a-4121-b75b-79f398106e56: Page loading...
[2026-06-12 18:22:32.561] [debug] (TabController)    Tab f8864936-c83a-4121-b75b-79f398106e56: In-page navigation to https://www.notion.so/myousuf/Backend-37d7e452d36b80338cb2c6caa6a5e529
[2026-06-12 18:22:34.499] [debug] (WindowController) Window 712aea1d-62e2-44f3-a3a1-ffa82b86ee9c lost focus
[2026-06-12 18:23:13.208] [debug] (WindowController) Window 712aea1d-62e2-44f3-a3a1-ffa82b86ee9c focused
[2026-06-12 18:23:14.869] [debug] (TabController)    Tab f8864936-c83a-4121-b75b-79f398106e56: Page loading...
[2026-06-12 18:23:14.872] [debug] (TabController)    Tab f8864936-c83a-4121-b75b-79f398106e56: In-page navigation to https://www.notion.so/myousuf/Work-Log-3487e452d36b8070a871fc19682524c5?pvs=18
[2026-06-12 18:23:14.895] [debug] (TabController)    Tab f8864936-c83a-4121-b75b-79f398106e56: Title updated to "(1) Work Log"
[2026-06-12 18:23:14.898] [debug] (TabController)    Tab f8864936-c83a-4121-b75b-79f398106e56: Page loading...
[2026-06-12 18:23:14.900] [debug] (TabController)    Tab f8864936-c83a-4121-b75b-79f398106e56: In-page navigation to https://www.notion.so/myousuf/Work-Log-3487e452d36b8070a871fc19682524c5
[2026-06-12 18:23:15.361] [debug] (TabController)    Tab f8864936-c83a-4121-b75b-79f398106e56: Favicon updated
[2026-06-12 18:23:18.819] [debug] (TabController)    Tab f8864936-c83a-4121-b75b-79f398106e56: Page loading...
[2026-06-12 18:23:18.821] [debug] (TabController)    Tab f8864936-c83a-4121-b75b-79f398106e56: In-page navigation to https://www.notion.so/myousuf/37d7e452d36b80c48709db33f8582be0?pvs=43
[2026-06-12 18:23:19.340] [debug] (TabController)    Tab f8864936-c83a-4121-b75b-79f398106e56: Title updated to "(1) New page"
[2026-06-12 18:23:19.343] [debug] (TabController)    Tab f8864936-c83a-4121-b75b-79f398106e56: Page loading...
[2026-06-12 18:23:19.345] [debug] (TabController)    Tab f8864936-c83a-4121-b75b-79f398106e56: In-page navigation to https://www.notion.so/myousuf/37d7e452d36b80c48709db33f8582be0
[2026-06-12 18:23:19.347] [debug] (TabController)    Tab f8864936-c83a-4121-b75b-79f398106e56: Favicon updated
[2026-06-12 18:23:27.147] [debug] (TabController)    Tab f8864936-c83a-4121-b75b-79f398106e56: Title updated to "(1) f"
[2026-06-12 18:23:27.150] [debug] (TabController)    Tab f8864936-c83a-4121-b75b-79f398106e56: Page loading...
[2026-06-12 18:23:27.152] [debug] (TabController)    Tab f8864936-c83a-4121-b75b-79f398106e56: In-page navigation to https://www.notion.so/myousuf/f-37d7e452d36b80c48709db33f8582be0
[2026-06-12 18:23:28.742] [debug] (TabController)    Tab f8864936-c83a-4121-b75b-79f398106e56: Title updated to "(1) frontend"
[2026-06-12 18:23:28.745] [debug] (TabController)    Tab f8864936-c83a-4121-b75b-79f398106e56: Page loading...
[2026-06-12 18:23:28.746] [debug] (TabController)    Tab f8864936-c83a-4121-b75b-79f398106e56: In-page navigation to https://www.notion.so/myousuf/frontend-37d7e452d36b80c48709db33f8582be0
[2026-06-12 18:23:34.274] [debug] (TabController)    Tab f8864936-c83a-4121-b75b-79f398106e56: Opening external URL in browser: https://myousuf.notion.site/frontend-37d7e452d36b80c48709db33f8582be0?pvs=74
[2026-06-12 18:23:34.453] [debug] (WindowController) Window 712aea1d-62e2-44f3-a3a1-ffa82b86ee9c lost focus
[2026-06-12 18:23:48.699] [debug] (WindowController) Window 712aea1d-62e2-44f3-a3a1-ffa82b86ee9c focused
[2026-06-12 18:23:53.109] [info]  (WindowController) Window 712aea1d-62e2-44f3-a3a1-ffa82b86ee9c closed
[2026-06-12 18:23:53.111] [info]  (AppController)    AppController handling closed window: 712aea1d-62e2-44f3-a3a1-ffa82b86ee9c
[2026-06-12 18:23:53.111] [info]  (AppController)    WindowController for 712aea1d-62e2-44f3-a3a1-ffa82b86ee9c removed. Remaining windows: 0
[2026-06-12 18:23:53.111] [info]  (AppController)    Last window closed on non-darwin platform, quitting application.
[2026-06-12 18:23:53.111] [info]  (AppController)    App before-quit event triggered in AppController
[2026-06-23 09:28:55.228] [info]                     Requesting single instance lock... Got lock: true
[2026-06-23 09:28:55.232] [info]                     Single instance lock acquired successfully
[2026-06-23 09:28:55.235] [info]  (AppController)    AppController initialized
[2026-06-23 09:28:55.235] [info]  (AppController)    Initializing app event handlers in AppController
[2026-06-23 09:28:55.235] [info]  (TabManager)       TabManager initialized
[2026-06-23 09:28:55.235] [info]  (AppController)    TabManager initialized
[2026-06-23 09:28:55.346] [info]  (AppController)    Electron app is ready via AppController
[2026-06-23 09:28:55.347] [info]  (AppController)    AppController: creating new window with id: 7c382903-70f2-4e7e-be56-e337f0ee8303 {}
[2026-06-23 09:28:55.348] [info]  (WindowController) WindowController initialized for windowId: 7c382903-70f2-4e7e-be56-e337f0ee8303 (useNativeFrame=false)
[2026-06-23 09:28:55.348] [info]  (WindowController) Initializing window: 7c382903-70f2-4e7e-be56-e337f0ee8303
[2026-06-23 09:28:55.384] [info]  (WindowController) BrowserWindow created for 7c382903-70f2-4e7e-be56-e337f0ee8303
[2026-06-23 09:28:55.386] [info]  (WindowController) [SpellCheck] Setting spell checker languages: ["en-US"]
[2026-06-23 09:28:55.386] [info]  (WindowController) [SpellCheck] setSpellCheckerLanguages result: undefined
[2026-06-23 09:28:55.387] [info]  (WindowController) Creating tab bar for window 7c382903-70f2-4e7e-be56-e337f0ee8303
[2026-06-23 09:28:55.391] [debug] (WindowController) Updating view bounds for window 7c382903-70f2-4e7e-be56-e337f0ee8303: {
  bounds: { x: 16, y: 570, width: 1200, height: 800 },
  isMaximized: false,
  width: 1200,
  height: 800
}
[2026-06-23 09:28:55.394] [info]  (WindowController) Creating initial tab for window 7c382903-70f2-4e7e-be56-e337f0ee8303
[2026-06-23 09:28:55.394] [info]  (TabManager)       Creating tab aa68e404-3834-4e2d-bc34-03a2860cf87f in window 7c382903-70f2-4e7e-be56-e337f0ee8303
[2026-06-23 09:28:55.398] [info]  (TabController)    TabController initialized for tab: aa68e404-3834-4e2d-bc34-03a2860cf87f in window: 7c382903-70f2-4e7e-be56-e337f0ee8303
[2026-06-23 09:28:55.398] [info]  (TabController)    Initializing tab: aa68e404-3834-4e2d-bc34-03a2860cf87f
[2026-06-23 09:28:55.400] [debug] (TabController)    Tab aa68e404-3834-4e2d-bc34-03a2860cf87f: Spell checker languages set to en-US
[2026-06-23 09:28:55.400] [debug] (TabController)    Tab aa68e404-3834-4e2d-bc34-03a2860cf87f: Spell checker enabled: true
[2026-06-23 09:28:55.400] [debug] (TabController)    WebContentsView created for tab: aa68e404-3834-4e2d-bc34-03a2860cf87f
[2026-06-23 09:28:55.401] [debug] (TabController)    Event listeners set up for tab: aa68e404-3834-4e2d-bc34-03a2860cf87f
[2026-06-23 09:28:55.401] [info]  (TabController)    Tab aa68e404-3834-4e2d-bc34-03a2860cf87f: Loading URL https://www.notion.so
[2026-06-23 09:28:55.403] [debug] (TabController)    Tab aa68e404-3834-4e2d-bc34-03a2860cf87f: Page loading...
[2026-06-23 09:28:55.408] [info]  (TabManager)       Tab aa68e404-3834-4e2d-bc34-03a2860cf87f created successfully. Total tabs: 1
[2026-06-23 09:28:55.408] [info]  (WindowController) Setting active tab aa68e404-3834-4e2d-bc34-03a2860cf87f for window 7c382903-70f2-4e7e-be56-e337f0ee8303
[2026-06-23 09:28:55.409] [debug] (WindowController) Updating view bounds for window 7c382903-70f2-4e7e-be56-e337f0ee8303: {
  bounds: { x: 16, y: 570, width: 1200, height: 800 },
  isMaximized: false,
  width: 1200,
  height: 800
}
[2026-06-23 09:28:55.409] [debug] (WindowController) Set tab content bounds: { x: 0, y: 32, width: 1200, height: 768 }
[2026-06-23 09:28:55.415] [debug] (TabController)    Tab aa68e404-3834-4e2d-bc34-03a2860cf87f: Now visible
[2026-06-23 09:28:55.421] [info]  (WindowController) Showing window: 7c382903-70f2-4e7e-be56-e337f0ee8303
[2026-06-23 09:28:55.423] [debug] (WindowController) Updating view bounds for window 7c382903-70f2-4e7e-be56-e337f0ee8303: {
  bounds: { x: 16, y: 570, width: 1200, height: 800 },
  isMaximized: false,
  width: 1200,
  height: 800
}
[2026-06-23 09:28:55.423] [debug] (WindowController) Set tab content bounds: { x: 0, y: 32, width: 1200, height: 768 }
[2026-06-23 09:28:55.424] [info]  (WindowController) Focusing window: 7c382903-70f2-4e7e-be56-e337f0ee8303
[2026-06-23 09:28:55.424] [info]  (AppController)    WindowController for 7c382903-70f2-4e7e-be56-e337f0ee8303 created and initialized. Total windows: 1
[2026-06-23 09:28:55.587] [debug] (WindowController) Updating view bounds for window 7c382903-70f2-4e7e-be56-e337f0ee8303: {
  bounds: { x: 16, y: 570, width: 1200, height: 800 },
  isMaximized: false,
  width: 1200,
  height: 800
}
[2026-06-23 09:28:55.588] [debug] (WindowController) Set tab content bounds: { x: 0, y: 32, width: 1200, height: 768 }
[2026-06-23 09:28:55.701] [debug] (WindowController) Window 7c382903-70f2-4e7e-be56-e337f0ee8303 moved { x: 16, y: 10, width: 1200, height: 800 }
[2026-06-23 09:28:55.704] [debug] (WindowController) Window 7c382903-70f2-4e7e-be56-e337f0ee8303 focused
[2026-06-23 09:28:55.762] [debug] (TabController)    Tab aa68e404-3834-4e2d-bc34-03a2860cf87f: Navigated to https://www.notion.so/
[2026-06-23 09:28:55.777] [debug] (TabController)    Tab aa68e404-3834-4e2d-bc34-03a2860cf87f: Title updated to "Notion"
[2026-06-23 09:28:56.359] [debug] (TabController)    Tab aa68e404-3834-4e2d-bc34-03a2860cf87f: Page loaded
[2026-06-23 09:28:56.361] [debug] (TabController)    Tab aa68e404-3834-4e2d-bc34-03a2860cf87f: Favicon updated
[2026-06-23 09:28:56.369] [debug] (TabController)    Tab aa68e404-3834-4e2d-bc34-03a2860cf87f: Page loading...
[2026-06-23 09:28:56.371] [debug] (TabController)    Tab aa68e404-3834-4e2d-bc34-03a2860cf87f: In-page navigation to https://www.notion.so/
[2026-06-23 09:28:56.875] [debug] (TabController)    Tab aa68e404-3834-4e2d-bc34-03a2860cf87f: Page loading...
[2026-06-23 09:28:56.877] [debug] (TabController)    Tab aa68e404-3834-4e2d-bc34-03a2860cf87f: In-page navigation to https://www.notion.so/7f82100715b64a148aa798369ff2b314?pvs=66
[2026-06-23 09:28:56.914] [debug] (TabController)    Tab aa68e404-3834-4e2d-bc34-03a2860cf87f: Title updated to "Home"
[2026-06-23 09:28:57.394] [debug] (TabController)    Tab aa68e404-3834-4e2d-bc34-03a2860cf87f: Favicon updated
[2026-06-23 09:28:58.025] [debug] (TabController)    Tab aa68e404-3834-4e2d-bc34-03a2860cf87f: Page loading...
[2026-06-23 09:28:58.027] [debug] (TabController)    Tab aa68e404-3834-4e2d-bc34-03a2860cf87f: In-page navigation to https://www.notion.so/myousuf/7f82100715b64a148aa798369ff2b314
[2026-06-23 09:28:59.480] [debug] (TabController)    Tab aa68e404-3834-4e2d-bc34-03a2860cf87f: Page loading...
[2026-06-23 09:28:59.594] [debug] (TabController)    Tab aa68e404-3834-4e2d-bc34-03a2860cf87f: Page loading...
[2026-06-23 09:29:00.472] [debug] (TabController)    Tab aa68e404-3834-4e2d-bc34-03a2860cf87f: Title updated to "(1) Home"
[2026-06-23 09:29:10.248] [debug] (TabController)    Tab aa68e404-3834-4e2d-bc34-03a2860cf87f: Page loading...
[2026-06-23 09:29:10.249] [debug] (TabController)    Tab aa68e404-3834-4e2d-bc34-03a2860cf87f: In-page navigation to https://www.notion.so/myousuf/Credentials-27d5c0213c744df1b4584ab5539aab29?pvs=26&qid=1%3A3d94cc3f-75f0-4168-9471-190133c72958%3A5
[2026-06-23 09:29:10.268] [debug] (TabController)    Tab aa68e404-3834-4e2d-bc34-03a2860cf87f: Title updated to "(1) Credentials"
[2026-06-23 09:29:10.271] [debug] (TabController)    Tab aa68e404-3834-4e2d-bc34-03a2860cf87f: Page loading...
[2026-06-23 09:29:10.273] [debug] (TabController)    Tab aa68e404-3834-4e2d-bc34-03a2860cf87f: In-page navigation to https://www.notion.so/myousuf/Credentials-27d5c0213c744df1b4584ab5539aab29
[2026-06-23 09:29:10.941] [debug] (TabController)    Tab aa68e404-3834-4e2d-bc34-03a2860cf87f: Favicon updated
[2026-06-23 09:29:18.027] [debug] (WindowController) Window 7c382903-70f2-4e7e-be56-e337f0ee8303 maximized
[2026-06-23 09:29:18.027] [debug] (WindowController) Updating view bounds for window 7c382903-70f2-4e7e-be56-e337f0ee8303: {
  bounds: { x: 0, y: 0, width: 1232, height: 842 },
  isMaximized: true,
  width: 1232,
  height: 842
}
[2026-06-23 09:29:18.028] [debug] (WindowController) Set tab content bounds: { x: 0, y: 32, width: 1232, height: 810 }
[2026-06-23 09:29:18.030] [debug] (WindowController) Window 7c382903-70f2-4e7e-be56-e337f0ee8303 resized { x: 0, y: 0, width: 1920, height: 1045 }
[2026-06-23 09:29:18.031] [debug] (WindowController) Updating view bounds for window 7c382903-70f2-4e7e-be56-e337f0ee8303: {
  bounds: { x: 0, y: 0, width: 1920, height: 1045 },
  isMaximized: true,
  width: 1920,
  height: 1045
}
[2026-06-23 09:29:18.032] [debug] (WindowController) Set tab content bounds: { x: 0, y: 32, width: 1920, height: 1013 }
[2026-06-23 09:29:44.800] [debug] (TabController)    Tab aa68e404-3834-4e2d-bc34-03a2860cf87f: Page loading...
[2026-06-23 09:29:44.801] [debug] (TabController)    Tab aa68e404-3834-4e2d-bc34-03a2860cf87f: In-page navigation to https://www.notion.so/myousuf/ABDL-credentials-3487e452d36b80939951c26767b298c1?pvs=13
[2026-06-23 09:29:44.821] [debug] (TabController)    Tab aa68e404-3834-4e2d-bc34-03a2860cf87f: Title updated to "(1) ABDL credentials"
[2026-06-23 09:29:44.824] [debug] (TabController)    Tab aa68e404-3834-4e2d-bc34-03a2860cf87f: Page loading...
[2026-06-23 09:29:44.826] [debug] (TabController)    Tab aa68e404-3834-4e2d-bc34-03a2860cf87f: In-page navigation to https://www.notion.so/myousuf/ABDL-credentials-3487e452d36b80939951c26767b298c1
[2026-06-23 09:29:45.214] [debug] (TabController)    Tab aa68e404-3834-4e2d-bc34-03a2860cf87f: Favicon updated
[2026-06-23 09:30:08.642] [debug] (WindowController) Window 7c382903-70f2-4e7e-be56-e337f0ee8303 lost focus
[2026-06-23 09:31:02.069] [debug] (WindowController) Window 7c382903-70f2-4e7e-be56-e337f0ee8303 focused
[2026-06-23 09:31:02.401] [debug] (WindowController) Window 7c382903-70f2-4e7e-be56-e337f0ee8303 lost focus
[2026-06-23 09:31:55.901] [debug] (WindowController) Window 7c382903-70f2-4e7e-be56-e337f0ee8303 focused
[2026-06-23 09:31:56.350] [debug] (WindowController) Window 7c382903-70f2-4e7e-be56-e337f0ee8303 lost focus
[2026-06-23 09:31:56.783] [debug] (WindowController) Window 7c382903-70f2-4e7e-be56-e337f0ee8303 focused
[2026-06-23 09:31:56.784] [debug] (WindowController) Window 7c382903-70f2-4e7e-be56-e337f0ee8303 lost focus
[2026-06-23 09:31:57.240] [debug] (WindowController) Window 7c382903-70f2-4e7e-be56-e337f0ee8303 focused
[2026-06-23 09:31:57.242] [debug] (WindowController) Window 7c382903-70f2-4e7e-be56-e337f0ee8303 lost focus
[2026-06-23 09:33:49.612] [debug] (WindowController) Window 7c382903-70f2-4e7e-be56-e337f0ee8303 focused
[2026-06-23 09:33:49.614] [debug] (WindowController) Window 7c382903-70f2-4e7e-be56-e337f0ee8303 lost focus
[2026-06-23 09:33:50.373] [debug] (WindowController) Window 7c382903-70f2-4e7e-be56-e337f0ee8303 focused
[2026-06-23 09:33:50.811] [debug] (WindowController) Window 7c382903-70f2-4e7e-be56-e337f0ee8303 lost focus
[2026-06-23 09:33:52.526] [debug] (WindowController) Window 7c382903-70f2-4e7e-be56-e337f0ee8303 focused
[2026-06-23 09:33:52.974] [debug] (WindowController) Window 7c382903-70f2-4e7e-be56-e337f0ee8303 lost focus
[2026-06-23 09:34:51.393] [debug] (WindowController) Window 7c382903-70f2-4e7e-be56-e337f0ee8303 focused
[2026-06-23 09:34:53.535] [debug] (WindowController) Window 7c382903-70f2-4e7e-be56-e337f0ee8303 lost focus
[2026-06-23 09:37:10.058] [debug] (WindowController) Window 7c382903-70f2-4e7e-be56-e337f0ee8303 focused
[2026-06-23 09:37:10.059] [debug] (WindowController) Window 7c382903-70f2-4e7e-be56-e337f0ee8303 lost focus
[2026-06-23 09:37:50.878] [debug] (WindowController) Window 7c382903-70f2-4e7e-be56-e337f0ee8303 focused
[2026-06-23 09:37:50.880] [debug] (WindowController) Window 7c382903-70f2-4e7e-be56-e337f0ee8303 lost focus
[2026-06-23 09:39:13.129] [debug] (WindowController) Window 7c382903-70f2-4e7e-be56-e337f0ee8303 focused
[2026-06-23 09:39:16.660] [debug] (TabController)    Tab aa68e404-3834-4e2d-bc34-03a2860cf87f: Page loading...
[2026-06-23 09:39:16.662] [debug] (TabController)    Tab aa68e404-3834-4e2d-bc34-03a2860cf87f: In-page navigation to https://www.notion.so/myousuf/Work-Log-3487e452d36b8070a871fc19682524c5?pvs=26&qid=1%3Aa9fcdabe-b001-4daa-9409-9f3aef8e01a2%3A2
[2026-06-23 09:39:16.692] [debug] (TabController)    Tab aa68e404-3834-4e2d-bc34-03a2860cf87f: Title updated to "(1) Work Log"
[2026-06-23 09:39:16.697] [debug] (TabController)    Tab aa68e404-3834-4e2d-bc34-03a2860cf87f: Page loading...
[2026-06-23 09:39:16.699] [debug] (TabController)    Tab aa68e404-3834-4e2d-bc34-03a2860cf87f: In-page navigation to https://www.notion.so/myousuf/Work-Log-3487e452d36b8070a871fc19682524c5
[2026-06-23 09:39:16.907] [debug] (TabController)    Tab aa68e404-3834-4e2d-bc34-03a2860cf87f: Favicon updated
[2026-06-23 09:39:22.689] [debug] (WindowController) Window 7c382903-70f2-4e7e-be56-e337f0ee8303 unmaximized
[2026-06-23 09:39:22.690] [debug] (WindowController) Updating view bounds for window 7c382903-70f2-4e7e-be56-e337f0ee8303: {
  bounds: { x: 16, y: 10, width: 1888, height: 1003 },
  isMaximized: false,
  width: 1888,
  height: 1003
}
[2026-06-23 09:39:22.691] [debug] (WindowController) Set tab content bounds: { x: 0, y: 32, width: 1888, height: 971 }
[2026-06-23 09:39:22.696] [debug] (WindowController) Window 7c382903-70f2-4e7e-be56-e337f0ee8303 resized { x: 16, y: 10, width: 1200, height: 800 }
[2026-06-23 09:39:22.697] [debug] (WindowController) Updating view bounds for window 7c382903-70f2-4e7e-be56-e337f0ee8303: {
  bounds: { x: 16, y: 10, width: 1200, height: 800 },
  isMaximized: false,
  width: 1200,
  height: 800
}
[2026-06-23 09:39:22.698] [debug] (WindowController) Set tab content bounds: { x: 0, y: 32, width: 1200, height: 768 }
[2026-06-23 09:39:24.301] [info]  (WindowController) Window 7c382903-70f2-4e7e-be56-e337f0ee8303 closed
[2026-06-23 09:39:24.303] [info]  (AppController)    AppController handling closed window: 7c382903-70f2-4e7e-be56-e337f0ee8303
[2026-06-23 09:39:24.303] [info]  (AppController)    WindowController for 7c382903-70f2-4e7e-be56-e337f0ee8303 removed. Remaining windows: 0
[2026-06-23 09:39:24.303] [info]  (AppController)    Last window closed on non-darwin platform, quitting application.
[2026-06-23 09:39:24.303] [info]  (AppController)    App before-quit event triggered in AppController
[2026-06-29 11:40:27.922] [info]                     Requesting single instance lock... Got lock: true
[2026-06-29 11:40:27.925] [info]                     Single instance lock acquired successfully
[2026-06-29 11:40:27.927] [info]  (AppController)    AppController initialized
[2026-06-29 11:40:27.927] [info]  (AppController)    Initializing app event handlers in AppController
[2026-06-29 11:40:27.927] [info]  (TabManager)       TabManager initialized
[2026-06-29 11:40:27.927] [info]  (AppController)    TabManager initialized
[2026-06-29 11:40:28.015] [info]  (AppController)    Electron app is ready via AppController
[2026-06-29 11:40:28.016] [info]  (AppController)    AppController: creating new window with id: dbc0827e-0c31-4d0b-a337-1433f9f691bf {}
[2026-06-29 11:40:28.017] [info]  (WindowController) WindowController initialized for windowId: dbc0827e-0c31-4d0b-a337-1433f9f691bf (useNativeFrame=false)
[2026-06-29 11:40:28.017] [info]  (WindowController) Initializing window: dbc0827e-0c31-4d0b-a337-1433f9f691bf
[2026-06-29 11:40:28.048] [info]  (WindowController) BrowserWindow created for dbc0827e-0c31-4d0b-a337-1433f9f691bf
[2026-06-29 11:40:28.050] [info]  (WindowController) [SpellCheck] Setting spell checker languages: ["en-US"]
[2026-06-29 11:40:28.051] [info]  (WindowController) [SpellCheck] setSpellCheckerLanguages result: undefined
[2026-06-29 11:40:28.051] [info]  (WindowController) Creating tab bar for window dbc0827e-0c31-4d0b-a337-1433f9f691bf
[2026-06-29 11:40:28.057] [debug] (WindowController) Updating view bounds for window dbc0827e-0c31-4d0b-a337-1433f9f691bf: {
  bounds: { x: 16, y: 570, width: 1200, height: 800 },
  isMaximized: false,
  width: 1200,
  height: 800
}
[2026-06-29 11:40:28.062] [info]  (WindowController) Creating initial tab for window dbc0827e-0c31-4d0b-a337-1433f9f691bf
[2026-06-29 11:40:28.062] [info]  (TabManager)       Creating tab 8fb2a789-c842-495c-995a-1fa9585969c1 in window dbc0827e-0c31-4d0b-a337-1433f9f691bf
[2026-06-29 11:40:28.066] [info]  (TabController)    TabController initialized for tab: 8fb2a789-c842-495c-995a-1fa9585969c1 in window: dbc0827e-0c31-4d0b-a337-1433f9f691bf
[2026-06-29 11:40:28.066] [info]  (TabController)    Initializing tab: 8fb2a789-c842-495c-995a-1fa9585969c1
[2026-06-29 11:40:28.067] [debug] (TabController)    Tab 8fb2a789-c842-495c-995a-1fa9585969c1: Spell checker languages set to en-US
[2026-06-29 11:40:28.068] [debug] (TabController)    Tab 8fb2a789-c842-495c-995a-1fa9585969c1: Spell checker enabled: true
[2026-06-29 11:40:28.068] [debug] (TabController)    WebContentsView created for tab: 8fb2a789-c842-495c-995a-1fa9585969c1
[2026-06-29 11:40:28.068] [debug] (TabController)    Event listeners set up for tab: 8fb2a789-c842-495c-995a-1fa9585969c1
[2026-06-29 11:40:28.069] [info]  (TabController)    Tab 8fb2a789-c842-495c-995a-1fa9585969c1: Loading URL https://www.notion.so
[2026-06-29 11:40:28.073] [debug] (TabController)    Tab 8fb2a789-c842-495c-995a-1fa9585969c1: Page loading...
[2026-06-29 11:40:28.078] [info]  (TabManager)       Tab 8fb2a789-c842-495c-995a-1fa9585969c1 created successfully. Total tabs: 1
[2026-06-29 11:40:28.078] [info]  (WindowController) Setting active tab 8fb2a789-c842-495c-995a-1fa9585969c1 for window dbc0827e-0c31-4d0b-a337-1433f9f691bf
[2026-06-29 11:40:28.079] [debug] (WindowController) Updating view bounds for window dbc0827e-0c31-4d0b-a337-1433f9f691bf: {
  bounds: { x: 16, y: 570, width: 1200, height: 800 },
  isMaximized: false,
  width: 1200,
  height: 800
}
[2026-06-29 11:40:28.079] [debug] (WindowController) Set tab content bounds: { x: 0, y: 32, width: 1200, height: 768 }
[2026-06-29 11:40:28.080] [debug] (TabController)    Tab 8fb2a789-c842-495c-995a-1fa9585969c1: Now visible
[2026-06-29 11:40:28.082] [info]  (WindowController) Showing window: dbc0827e-0c31-4d0b-a337-1433f9f691bf
[2026-06-29 11:40:28.083] [debug] (WindowController) Updating view bounds for window dbc0827e-0c31-4d0b-a337-1433f9f691bf: {
  bounds: { x: 16, y: 570, width: 1200, height: 800 },
  isMaximized: false,
  width: 1200,
  height: 800
}
[2026-06-29 11:40:28.083] [debug] (WindowController) Set tab content bounds: { x: 0, y: 32, width: 1200, height: 768 }
[2026-06-29 11:40:28.084] [info]  (WindowController) Focusing window: dbc0827e-0c31-4d0b-a337-1433f9f691bf
[2026-06-29 11:40:28.084] [info]  (AppController)    WindowController for dbc0827e-0c31-4d0b-a337-1433f9f691bf created and initialized. Total windows: 1
[2026-06-29 11:40:28.283] [debug] (WindowController) Updating view bounds for window dbc0827e-0c31-4d0b-a337-1433f9f691bf: {
  bounds: { x: 16, y: 570, width: 1200, height: 800 },
  isMaximized: false,
  width: 1200,
  height: 800
}
[2026-06-29 11:40:28.283] [debug] (WindowController) Set tab content bounds: { x: 0, y: 32, width: 1200, height: 768 }
[2026-06-29 11:40:28.349] [debug] (WindowController) Window dbc0827e-0c31-4d0b-a337-1433f9f691bf moved { x: 16, y: 10, width: 1200, height: 800 }
[2026-06-29 11:40:28.352] [debug] (WindowController) Window dbc0827e-0c31-4d0b-a337-1433f9f691bf focused
[2026-06-29 11:40:28.373] [debug] (TabController)    Tab 8fb2a789-c842-495c-995a-1fa9585969c1: Navigated to https://www.notion.so/
[2026-06-29 11:40:28.391] [debug] (TabController)    Tab 8fb2a789-c842-495c-995a-1fa9585969c1: Title updated to "Notion"
[2026-06-29 11:40:28.943] [debug] (TabController)    Tab 8fb2a789-c842-495c-995a-1fa9585969c1: In-page navigation to https://www.notion.so/
[2026-06-29 11:40:29.082] [debug] (TabController)    Tab 8fb2a789-c842-495c-995a-1fa9585969c1: Page loaded
[2026-06-29 11:40:29.083] [debug] (TabController)    Tab 8fb2a789-c842-495c-995a-1fa9585969c1: Favicon updated
[2026-06-29 11:40:29.737] [debug] (TabController)    Tab 8fb2a789-c842-495c-995a-1fa9585969c1: Page loading...
[2026-06-29 11:40:29.739] [debug] (TabController)    Tab 8fb2a789-c842-495c-995a-1fa9585969c1: In-page navigation to https://www.notion.so/7f82100715b64a148aa798369ff2b314?pvs=66
[2026-06-29 11:40:29.789] [debug] (TabController)    Tab 8fb2a789-c842-495c-995a-1fa9585969c1: Title updated to "Home"
[2026-06-29 11:40:30.127] [debug] (TabController)    Tab 8fb2a789-c842-495c-995a-1fa9585969c1: Favicon updated
[2026-06-29 11:40:30.945] [debug] (WindowController) Window dbc0827e-0c31-4d0b-a337-1433f9f691bf maximized
[2026-06-29 11:40:30.946] [debug] (WindowController) Updating view bounds for window dbc0827e-0c31-4d0b-a337-1433f9f691bf: {
  bounds: { x: 0, y: 0, width: 1232, height: 842 },
  isMaximized: true,
  width: 1232,
  height: 842
}
[2026-06-29 11:40:30.947] [debug] (WindowController) Set tab content bounds: { x: 0, y: 32, width: 1232, height: 810 }
[2026-06-29 11:40:30.951] [debug] (WindowController) Window dbc0827e-0c31-4d0b-a337-1433f9f691bf resized { x: 0, y: 0, width: 1920, height: 1045 }
[2026-06-29 11:40:30.954] [debug] (WindowController) Updating view bounds for window dbc0827e-0c31-4d0b-a337-1433f9f691bf: {
  bounds: { x: 0, y: 0, width: 1920, height: 1045 },
  isMaximized: true,
  width: 1920,
  height: 1045
}
[2026-06-29 11:40:30.955] [debug] (WindowController) Set tab content bounds: { x: 0, y: 32, width: 1920, height: 1013 }
[2026-06-29 11:40:30.983] [debug] (TabController)    Tab 8fb2a789-c842-495c-995a-1fa9585969c1: Page loading...
[2026-06-29 11:40:30.985] [debug] (TabController)    Tab 8fb2a789-c842-495c-995a-1fa9585969c1: In-page navigation to https://www.notion.so/myousuf/7f82100715b64a148aa798369ff2b314
[2026-06-29 11:40:33.064] [debug] (TabController)    Tab 8fb2a789-c842-495c-995a-1fa9585969c1: Page loading...
[2026-06-29 11:40:33.247] [debug] (TabController)    Tab 8fb2a789-c842-495c-995a-1fa9585969c1: Page loading...
[2026-06-29 11:40:33.674] [debug] (TabController)    Tab 8fb2a789-c842-495c-995a-1fa9585969c1: Title updated to "(1) Home"
[2026-06-29 11:40:42.584] [info]  (WindowController) Window dbc0827e-0c31-4d0b-a337-1433f9f691bf closed
[2026-06-29 11:40:42.585] [info]  (AppController)    AppController handling closed window: dbc0827e-0c31-4d0b-a337-1433f9f691bf
[2026-06-29 11:40:42.585] [info]  (AppController)    WindowController for dbc0827e-0c31-4d0b-a337-1433f9f691bf removed. Remaining windows: 0
[2026-06-29 11:40:42.585] [info]  (AppController)    Last window closed on non-darwin platform, quitting application.
[2026-06-29 11:40:42.585] [info]  (AppController)    App before-quit event triggered in AppController
[2026-07-07 10:21:16.464] [info]                     Requesting single instance lock... Got lock: true
[2026-07-07 10:21:16.467] [info]                     Single instance lock acquired successfully
[2026-07-07 10:21:16.468] [info]  (AppController)    AppController initialized
[2026-07-07 10:21:16.469] [info]  (AppController)    Initializing app event handlers in AppController
[2026-07-07 10:21:16.469] [info]  (TabManager)       TabManager initialized
[2026-07-07 10:21:16.469] [info]  (AppController)    TabManager initialized
[2026-07-07 10:21:16.554] [info]  (AppController)    Electron app is ready via AppController
[2026-07-07 10:21:16.554] [info]  (AppController)    AppController: creating new window with id: 38e09530-6b36-49cf-9559-1669a482e75a {}
[2026-07-07 10:21:16.555] [info]  (WindowController) WindowController initialized for windowId: 38e09530-6b36-49cf-9559-1669a482e75a (useNativeFrame=false)
[2026-07-07 10:21:16.556] [info]  (WindowController) Initializing window: 38e09530-6b36-49cf-9559-1669a482e75a
[2026-07-07 10:21:16.591] [info]  (WindowController) BrowserWindow created for 38e09530-6b36-49cf-9559-1669a482e75a
[2026-07-07 10:21:16.594] [info]  (WindowController) [SpellCheck] Setting spell checker languages: ["en-US"]
[2026-07-07 10:21:16.595] [info]  (WindowController) [SpellCheck] setSpellCheckerLanguages result: undefined
[2026-07-07 10:21:16.595] [info]  (WindowController) Creating tab bar for window 38e09530-6b36-49cf-9559-1669a482e75a
[2026-07-07 10:21:16.600] [debug] (WindowController) Updating view bounds for window 38e09530-6b36-49cf-9559-1669a482e75a: {
  bounds: { x: 16, y: 570, width: 1200, height: 800 },
  isMaximized: false,
  width: 1200,
  height: 800
}
[2026-07-07 10:21:16.604] [info]  (WindowController) Creating initial tab for window 38e09530-6b36-49cf-9559-1669a482e75a
[2026-07-07 10:21:16.605] [info]  (TabManager)       Creating tab bd9262aa-7f97-4159-b08e-2671a4c5fcaa in window 38e09530-6b36-49cf-9559-1669a482e75a
[2026-07-07 10:21:16.607] [info]  (TabController)    TabController initialized for tab: bd9262aa-7f97-4159-b08e-2671a4c5fcaa in window: 38e09530-6b36-49cf-9559-1669a482e75a
[2026-07-07 10:21:16.608] [info]  (TabController)    Initializing tab: bd9262aa-7f97-4159-b08e-2671a4c5fcaa
[2026-07-07 10:21:16.609] [debug] (TabController)    Tab bd9262aa-7f97-4159-b08e-2671a4c5fcaa: Spell checker languages set to en-US
[2026-07-07 10:21:16.609] [debug] (TabController)    Tab bd9262aa-7f97-4159-b08e-2671a4c5fcaa: Spell checker enabled: true
[2026-07-07 10:21:16.610] [debug] (TabController)    WebContentsView created for tab: bd9262aa-7f97-4159-b08e-2671a4c5fcaa
[2026-07-07 10:21:16.610] [debug] (TabController)    Event listeners set up for tab: bd9262aa-7f97-4159-b08e-2671a4c5fcaa
[2026-07-07 10:21:16.610] [info]  (TabController)    Tab bd9262aa-7f97-4159-b08e-2671a4c5fcaa: Loading URL https://www.notion.so
[2026-07-07 10:21:16.611] [debug] (TabController)    Tab bd9262aa-7f97-4159-b08e-2671a4c5fcaa: Page loading...
[2026-07-07 10:21:16.617] [info]  (TabManager)       Tab bd9262aa-7f97-4159-b08e-2671a4c5fcaa created successfully. Total tabs: 1
[2026-07-07 10:21:16.617] [info]  (WindowController) Setting active tab bd9262aa-7f97-4159-b08e-2671a4c5fcaa for window 38e09530-6b36-49cf-9559-1669a482e75a
[2026-07-07 10:21:16.617] [debug] (WindowController) Updating view bounds for window 38e09530-6b36-49cf-9559-1669a482e75a: {
  bounds: { x: 16, y: 570, width: 1200, height: 800 },
  isMaximized: false,
  width: 1200,
  height: 800
}
[2026-07-07 10:21:16.618] [debug] (WindowController) Set tab content bounds: { x: 0, y: 32, width: 1200, height: 768 }
[2026-07-07 10:21:16.618] [debug] (TabController)    Tab bd9262aa-7f97-4159-b08e-2671a4c5fcaa: Now visible
[2026-07-07 10:21:16.621] [info]  (WindowController) Showing window: 38e09530-6b36-49cf-9559-1669a482e75a
[2026-07-07 10:21:16.622] [debug] (WindowController) Updating view bounds for window 38e09530-6b36-49cf-9559-1669a482e75a: {
  bounds: { x: 16, y: 570, width: 1200, height: 800 },
  isMaximized: false,
  width: 1200,
  height: 800
}
[2026-07-07 10:21:16.622] [debug] (WindowController) Set tab content bounds: { x: 0, y: 32, width: 1200, height: 768 }
[2026-07-07 10:21:16.622] [info]  (WindowController) Focusing window: 38e09530-6b36-49cf-9559-1669a482e75a
[2026-07-07 10:21:16.623] [info]  (AppController)    WindowController for 38e09530-6b36-49cf-9559-1669a482e75a created and initialized. Total windows: 1
[2026-07-07 10:21:16.728] [debug] (WindowController) Updating view bounds for window 38e09530-6b36-49cf-9559-1669a482e75a: {
  bounds: { x: 16, y: 570, width: 1200, height: 800 },
  isMaximized: false,
  width: 1200,
  height: 800
}
[2026-07-07 10:21:16.728] [debug] (WindowController) Set tab content bounds: { x: 0, y: 32, width: 1200, height: 768 }
[2026-07-07 10:21:16.820] [debug] (WindowController) Window 38e09530-6b36-49cf-9559-1669a482e75a moved { x: 10, y: 10, width: 1916, height: 1026 }
[2026-07-07 10:21:16.822] [debug] (WindowController) Window 38e09530-6b36-49cf-9559-1669a482e75a resized { x: 10, y: 10, width: 1916, height: 1026 }
[2026-07-07 10:21:16.823] [debug] (WindowController) Updating view bounds for window 38e09530-6b36-49cf-9559-1669a482e75a: {
  bounds: { x: 10, y: 10, width: 1916, height: 1026 },
  isMaximized: false,
  width: 1916,
  height: 1026
}
[2026-07-07 10:21:16.823] [debug] (WindowController) Set tab content bounds: { x: 0, y: 32, width: 1916, height: 994 }
[2026-07-07 10:21:16.824] [debug] (WindowController) Window 38e09530-6b36-49cf-9559-1669a482e75a focused
[2026-07-07 10:21:16.889] [debug] (TabController)    Tab bd9262aa-7f97-4159-b08e-2671a4c5fcaa: Navigated to https://www.notion.so/
[2026-07-07 10:21:16.903] [debug] (TabController)    Tab bd9262aa-7f97-4159-b08e-2671a4c5fcaa: Title updated to "Notion"
[2026-07-07 10:21:17.507] [debug] (TabController)    Tab bd9262aa-7f97-4159-b08e-2671a4c5fcaa: In-page navigation to https://www.notion.so/
[2026-07-07 10:21:17.555] [debug] (TabController)    Tab bd9262aa-7f97-4159-b08e-2671a4c5fcaa: Page loaded
[2026-07-07 10:21:17.558] [debug] (TabController)    Tab bd9262aa-7f97-4159-b08e-2671a4c5fcaa: Favicon updated
[2026-07-07 10:21:17.933] [debug] (TabController)    Tab bd9262aa-7f97-4159-b08e-2671a4c5fcaa: Page loading...
[2026-07-07 10:21:17.935] [debug] (TabController)    Tab bd9262aa-7f97-4159-b08e-2671a4c5fcaa: In-page navigation to https://www.notion.so/7f82100715b64a148aa798369ff2b314?pvs=66
[2026-07-07 10:21:17.966] [debug] (TabController)    Tab bd9262aa-7f97-4159-b08e-2671a4c5fcaa: Title updated to "Home"
[2026-07-07 10:21:18.626] [debug] (TabController)    Tab bd9262aa-7f97-4159-b08e-2671a4c5fcaa: Page loading...
[2026-07-07 10:21:18.628] [debug] (TabController)    Tab bd9262aa-7f97-4159-b08e-2671a4c5fcaa: In-page navigation to https://www.notion.so/myousuf/7f82100715b64a148aa798369ff2b314
[2026-07-07 10:21:19.678] [debug] (TabController)    Tab bd9262aa-7f97-4159-b08e-2671a4c5fcaa: Favicon updated
[2026-07-07 10:21:20.274] [debug] (TabController)    Tab bd9262aa-7f97-4159-b08e-2671a4c5fcaa: Page loading...
[2026-07-07 10:21:20.492] [debug] (TabController)    Tab bd9262aa-7f97-4159-b08e-2671a4c5fcaa: Page loading...
[2026-07-07 10:21:23.743] [debug] (TabController)    Tab bd9262aa-7f97-4159-b08e-2671a4c5fcaa: Page loading...
[2026-07-07 10:21:23.744] [debug] (TabController)    Tab bd9262aa-7f97-4159-b08e-2671a4c5fcaa: In-page navigation to https://www.notion.so/ai
[2026-07-07 10:21:23.753] [debug] (TabController)    Tab bd9262aa-7f97-4159-b08e-2671a4c5fcaa: Title updated to "Notion AI"
[2026-07-07 10:21:24.133] [debug] (TabController)    Tab bd9262aa-7f97-4159-b08e-2671a4c5fcaa: Favicon updated
[2026-07-07 10:21:29.482] [debug] (TabController)    Tab bd9262aa-7f97-4159-b08e-2671a4c5fcaa: Page loading...
[2026-07-07 10:21:29.483] [debug] (TabController)    Tab bd9262aa-7f97-4159-b08e-2671a4c5fcaa: In-page navigation to https://www.notion.so/myousuf/Work-Log-3487e452d36b8070a871fc19682524c5?pvs=26&qid=1%3A418e447f-5873-4327-823a-c509c09088ac%3A2
[2026-07-07 10:21:29.515] [debug] (TabController)    Tab bd9262aa-7f97-4159-b08e-2671a4c5fcaa: Title updated to "Work Log"
[2026-07-07 10:21:29.518] [debug] (TabController)    Tab bd9262aa-7f97-4159-b08e-2671a4c5fcaa: Page loading...
[2026-07-07 10:21:29.520] [debug] (TabController)    Tab bd9262aa-7f97-4159-b08e-2671a4c5fcaa: In-page navigation to https://www.notion.so/myousuf/Work-Log-3487e452d36b8070a871fc19682524c5
[2026-07-07 10:21:29.806] [debug] (TabController)    Tab bd9262aa-7f97-4159-b08e-2671a4c5fcaa: Favicon updated
[2026-07-07 10:21:33.064] [debug] (TabController)    Tab bd9262aa-7f97-4159-b08e-2671a4c5fcaa: Page loading...
[2026-07-07 10:21:33.066] [debug] (TabController)    Tab bd9262aa-7f97-4159-b08e-2671a4c5fcaa: In-page navigation to https://www.notion.so/myousuf/Work-Log-3487e452d36b8070a871fc19682524c5?p=3967e452d36b8041bb66d563a58e007b&pm=c&pvs=31
[2026-07-07 10:21:33.103] [debug] (TabController)    Tab bd9262aa-7f97-4159-b08e-2671a4c5fcaa: Page loading...
[2026-07-07 10:21:33.105] [debug] (TabController)    Tab bd9262aa-7f97-4159-b08e-2671a4c5fcaa: In-page navigation to https://www.notion.so/myousuf/Work-Log-3487e452d36b8070a871fc19682524c5?p=3967e452d36b8041bb66d563a58e007b&pm=c
[2026-07-07 10:21:34.256] [debug] (TabController)    Tab bd9262aa-7f97-4159-b08e-2671a4c5fcaa: Page loading...
[2026-07-07 10:21:34.257] [debug] (TabController)    Tab bd9262aa-7f97-4159-b08e-2671a4c5fcaa: In-page navigation to https://www.notion.so/myousuf/Work-Log-3487e452d36b8070a871fc19682524c5?pvs=32
[2026-07-07 10:21:34.264] [debug] (TabController)    Tab bd9262aa-7f97-4159-b08e-2671a4c5fcaa: Page loading...
[2026-07-07 10:21:34.266] [debug] (TabController)    Tab bd9262aa-7f97-4159-b08e-2671a4c5fcaa: In-page navigation to https://www.notion.so/myousuf/Work-Log-3487e452d36b8070a871fc19682524c5
[2026-07-07 10:21:40.355] [debug] (WindowController) Window 38e09530-6b36-49cf-9559-1669a482e75a lost focus
[2026-07-07 10:21:40.827] [debug] (WindowController) Window 38e09530-6b36-49cf-9559-1669a482e75a focused
[2026-07-07 10:21:41.111] [debug] (WindowController) Window 38e09530-6b36-49cf-9559-1669a482e75a lost focus
[2026-07-07 10:21:41.252] [debug] (WindowController) Window 38e09530-6b36-49cf-9559-1669a482e75a focused
[2026-07-07 10:21:41.371] [debug] (WindowController) Window 38e09530-6b36-49cf-9559-1669a482e75a lost focus
[2026-07-07 10:21:41.497] [debug] (WindowController) Window 38e09530-6b36-49cf-9559-1669a482e75a focused
[2026-07-07 10:21:41.870] [debug] (WindowController) Window 38e09530-6b36-49cf-9559-1669a482e75a lost focus
[2026-07-07 10:25:07.134] [debug] (WindowController) Window 38e09530-6b36-49cf-9559-1669a482e75a resized { x: 10, y: 10, width: 1916, height: 1051 }
[2026-07-07 10:25:07.136] [debug] (WindowController) Updating view bounds for window 38e09530-6b36-49cf-9559-1669a482e75a: {
  bounds: { x: 10, y: 10, width: 1916, height: 1051 },
  isMaximized: false,
  width: 1916,
  height: 1051
}
[2026-07-07 10:25:07.136] [debug] (WindowController) Set tab content bounds: { x: 0, y: 32, width: 1916, height: 1019 }
[2026-07-07 10:25:07.202] [debug] (WindowController) Window 38e09530-6b36-49cf-9559-1669a482e75a resized { x: 10, y: 10, width: 1916, height: 1026 }
[2026-07-07 10:25:07.207] [debug] (WindowController) Updating view bounds for window 38e09530-6b36-49cf-9559-1669a482e75a: {
  bounds: { x: 10, y: 10, width: 1916, height: 1026 },
  isMaximized: false,
  width: 1916,
  height: 1026
}
[2026-07-07 10:25:07.207] [debug] (WindowController) Set tab content bounds: { x: 0, y: 32, width: 1916, height: 994 }
[2026-07-07 10:26:58.652] [debug] (WindowController) Window 38e09530-6b36-49cf-9559-1669a482e75a resized { x: 10, y: 10, width: 1916, height: 1051 }
[2026-07-07 10:26:58.655] [debug] (WindowController) Updating view bounds for window 38e09530-6b36-49cf-9559-1669a482e75a: {
  bounds: { x: 10, y: 10, width: 1916, height: 1051 },
  isMaximized: false,
  width: 1916,
  height: 1051
}
[2026-07-07 10:26:58.655] [debug] (WindowController) Set tab content bounds: { x: 0, y: 32, width: 1916, height: 1019 }
[2026-07-07 10:26:58.703] [debug] (WindowController) Window 38e09530-6b36-49cf-9559-1669a482e75a resized { x: 10, y: 10, width: 1916, height: 1026 }
[2026-07-07 10:26:58.707] [debug] (WindowController) Updating view bounds for window 38e09530-6b36-49cf-9559-1669a482e75a: {
  bounds: { x: 10, y: 10, width: 1916, height: 1026 },
  isMaximized: false,
  width: 1916,
  height: 1026
}
[2026-07-07 10:26:58.708] [debug] (WindowController) Set tab content bounds: { x: 0, y: 32, width: 1916, height: 994 }
[2026-07-07 10:27:25.454] [debug] (WindowController) Window 38e09530-6b36-49cf-9559-1669a482e75a focused
[2026-07-07 10:27:25.925] [debug] (WindowController) Window 38e09530-6b36-49cf-9559-1669a482e75a lost focus
[2026-07-07 10:27:27.026] [debug] (WindowController) Window 38e09530-6b36-49cf-9559-1669a482e75a focused
[2026-07-07 10:27:27.406] [debug] (WindowController) Window 38e09530-6b36-49cf-9559-1669a482e75a lost focus
[2026-07-07 10:27:27.546] [debug] (WindowController) Window 38e09530-6b36-49cf-9559-1669a482e75a focused
[2026-07-07 10:27:28.469] [debug] (WindowController) Window 38e09530-6b36-49cf-9559-1669a482e75a lost focus
[2026-07-07 10:27:28.835] [debug] (WindowController) Window 38e09530-6b36-49cf-9559-1669a482e75a focused
[2026-07-07 10:27:29.441] [debug] (WindowController) Window 38e09530-6b36-49cf-9559-1669a482e75a lost focus
[2026-07-07 10:27:31.096] [debug] (WindowController) Window 38e09530-6b36-49cf-9559-1669a482e75a focused
[2026-07-07 10:27:31.394] [debug] (WindowController) Window 38e09530-6b36-49cf-9559-1669a482e75a lost focus
[2026-07-07 10:27:34.070] [debug] (WindowController) Window 38e09530-6b36-49cf-9559-1669a482e75a focused
[2026-07-07 10:27:34.519] [debug] (WindowController) Window 38e09530-6b36-49cf-9559-1669a482e75a lost focus
[2026-07-07 10:27:34.885] [debug] (WindowController) Window 38e09530-6b36-49cf-9559-1669a482e75a focused
[2026-07-07 10:27:35.271] [debug] (WindowController) Window 38e09530-6b36-49cf-9559-1669a482e75a lost focus
[2026-07-07 10:27:35.567] [debug] (WindowController) Window 38e09530-6b36-49cf-9559-1669a482e75a focused
[2026-07-07 10:27:36.003] [debug] (WindowController) Window 38e09530-6b36-49cf-9559-1669a482e75a lost focus
[2026-07-07 10:27:36.289] [debug] (WindowController) Window 38e09530-6b36-49cf-9559-1669a482e75a focused
[2026-07-07 10:27:36.574] [debug] (WindowController) Window 38e09530-6b36-49cf-9559-1669a482e75a lost focus
[2026-07-07 10:27:36.840] [debug] (WindowController) Window 38e09530-6b36-49cf-9559-1669a482e75a focused
[2026-07-07 10:27:37.046] [debug] (WindowController) Window 38e09530-6b36-49cf-9559-1669a482e75a lost focus
[2026-07-07 10:27:37.182] [debug] (WindowController) Window 38e09530-6b36-49cf-9559-1669a482e75a focused
[2026-07-07 10:27:37.276] [debug] (WindowController) Window 38e09530-6b36-49cf-9559-1669a482e75a lost focus
[2026-07-07 10:27:37.417] [debug] (WindowController) Window 38e09530-6b36-49cf-9559-1669a482e75a focused
[2026-07-07 10:27:39.168] [debug] (WindowController) Window 38e09530-6b36-49cf-9559-1669a482e75a lost focus
[2026-07-07 10:27:44.777] [debug] (WindowController) Window 38e09530-6b36-49cf-9559-1669a482e75a focused
[2026-07-07 10:27:49.125] [debug] (WindowController) Window 38e09530-6b36-49cf-9559-1669a482e75a lost focus
[2026-07-07 10:28:59.577] [debug] (WindowController) Window 38e09530-6b36-49cf-9559-1669a482e75a resized { x: 10, y: 10, width: 1916, height: 1051 }
[2026-07-07 10:28:59.581] [debug] (WindowController) Updating view bounds for window 38e09530-6b36-49cf-9559-1669a482e75a: {
  bounds: { x: 10, y: 10, width: 1916, height: 1051 },
  isMaximized: false,
  width: 1916,
  height: 1051
}
[2026-07-07 10:28:59.582] [debug] (WindowController) Set tab content bounds: { x: 0, y: 32, width: 1916, height: 1019 }
[2026-07-07 10:28:59.636] [debug] (WindowController) Window 38e09530-6b36-49cf-9559-1669a482e75a resized { x: 10, y: 10, width: 1916, height: 1025 }
[2026-07-07 10:28:59.643] [debug] (WindowController) Updating view bounds for window 38e09530-6b36-49cf-9559-1669a482e75a: {
  bounds: { x: 10, y: 10, width: 1916, height: 1025 },
  isMaximized: false,
  width: 1916,
  height: 1025
}
[2026-07-07 10:28:59.646] [debug] (WindowController) Set tab content bounds: { x: 0, y: 32, width: 1916, height: 993 }
[2026-07-07 10:29:20.360] [debug] (WindowController) Window 38e09530-6b36-49cf-9559-1669a482e75a focused
[2026-07-07 10:29:21.616] [debug] (WindowController) Window 38e09530-6b36-49cf-9559-1669a482e75a lost focus
[2026-07-07 10:30:21.180] [debug] (WindowController) Window 38e09530-6b36-49cf-9559-1669a482e75a focused
[2026-07-07 10:30:21.780] [debug] (WindowController) Window 38e09530-6b36-49cf-9559-1669a482e75a lost focus
[2026-07-07 12:53:03.986] [info]                     Requesting single instance lock... Got lock: true
[2026-07-07 12:53:03.989] [info]                     Single instance lock acquired successfully
[2026-07-07 12:53:03.991] [info]  (AppController)    AppController initialized
[2026-07-07 12:53:03.991] [info]  (AppController)    Initializing app event handlers in AppController
[2026-07-07 12:53:03.991] [info]  (TabManager)       TabManager initialized
[2026-07-07 12:53:03.991] [info]  (AppController)    TabManager initialized
[2026-07-07 12:53:04.083] [info]  (AppController)    Electron app is ready via AppController
[2026-07-07 12:53:04.084] [info]  (AppController)    AppController: creating new window with id: 53428401-39e4-4353-8724-423f16ddcabd {}
[2026-07-07 12:53:04.085] [info]  (WindowController) WindowController initialized for windowId: 53428401-39e4-4353-8724-423f16ddcabd (useNativeFrame=false)
[2026-07-07 12:53:04.085] [info]  (WindowController) Initializing window: 53428401-39e4-4353-8724-423f16ddcabd
[2026-07-07 12:53:04.116] [info]  (WindowController) BrowserWindow created for 53428401-39e4-4353-8724-423f16ddcabd
[2026-07-07 12:53:04.119] [info]  (WindowController) [SpellCheck] Setting spell checker languages: ["en-US"]
[2026-07-07 12:53:04.119] [info]  (WindowController) [SpellCheck] setSpellCheckerLanguages result: undefined
[2026-07-07 12:53:04.119] [info]  (WindowController) Creating tab bar for window 53428401-39e4-4353-8724-423f16ddcabd
[2026-07-07 12:53:04.125] [debug] (WindowController) Updating view bounds for window 53428401-39e4-4353-8724-423f16ddcabd: {
  bounds: { x: 16, y: 570, width: 1200, height: 800 },
  isMaximized: false,
  width: 1200,
  height: 800
}
[2026-07-07 12:53:04.129] [info]  (WindowController) Creating initial tab for window 53428401-39e4-4353-8724-423f16ddcabd
[2026-07-07 12:53:04.129] [info]  (TabManager)       Creating tab b7118ba1-96fc-4cd0-9621-9d863dc4cfd0 in window 53428401-39e4-4353-8724-423f16ddcabd
[2026-07-07 12:53:04.133] [info]  (TabController)    TabController initialized for tab: b7118ba1-96fc-4cd0-9621-9d863dc4cfd0 in window: 53428401-39e4-4353-8724-423f16ddcabd
[2026-07-07 12:53:04.133] [info]  (TabController)    Initializing tab: b7118ba1-96fc-4cd0-9621-9d863dc4cfd0
[2026-07-07 12:53:04.135] [debug] (TabController)    Tab b7118ba1-96fc-4cd0-9621-9d863dc4cfd0: Spell checker languages set to en-US
[2026-07-07 12:53:04.135] [debug] (TabController)    Tab b7118ba1-96fc-4cd0-9621-9d863dc4cfd0: Spell checker enabled: true
[2026-07-07 12:53:04.135] [debug] (TabController)    WebContentsView created for tab: b7118ba1-96fc-4cd0-9621-9d863dc4cfd0
[2026-07-07 12:53:04.136] [debug] (TabController)    Event listeners set up for tab: b7118ba1-96fc-4cd0-9621-9d863dc4cfd0
[2026-07-07 12:53:04.136] [info]  (TabController)    Tab b7118ba1-96fc-4cd0-9621-9d863dc4cfd0: Loading URL https://www.notion.so
[2026-07-07 12:53:04.138] [debug] (TabController)    Tab b7118ba1-96fc-4cd0-9621-9d863dc4cfd0: Page loading...
[2026-07-07 12:53:04.147] [info]  (TabManager)       Tab b7118ba1-96fc-4cd0-9621-9d863dc4cfd0 created successfully. Total tabs: 1
[2026-07-07 12:53:04.148] [info]  (WindowController) Setting active tab b7118ba1-96fc-4cd0-9621-9d863dc4cfd0 for window 53428401-39e4-4353-8724-423f16ddcabd
[2026-07-07 12:53:04.148] [debug] (WindowController) Updating view bounds for window 53428401-39e4-4353-8724-423f16ddcabd: {
  bounds: { x: 16, y: 570, width: 1200, height: 800 },
  isMaximized: false,
  width: 1200,
  height: 800
}
[2026-07-07 12:53:04.149] [debug] (WindowController) Set tab content bounds: { x: 0, y: 32, width: 1200, height: 768 }
[2026-07-07 12:53:04.150] [debug] (TabController)    Tab b7118ba1-96fc-4cd0-9621-9d863dc4cfd0: Now visible
[2026-07-07 12:53:04.162] [info]  (WindowController) Showing window: 53428401-39e4-4353-8724-423f16ddcabd
[2026-07-07 12:53:04.165] [debug] (WindowController) Updating view bounds for window 53428401-39e4-4353-8724-423f16ddcabd: {
  bounds: { x: 16, y: 570, width: 1200, height: 800 },
  isMaximized: false,
  width: 1200,
  height: 800
}
[2026-07-07 12:53:04.167] [debug] (WindowController) Set tab content bounds: { x: 0, y: 32, width: 1200, height: 768 }
[2026-07-07 12:53:04.168] [info]  (WindowController) Focusing window: 53428401-39e4-4353-8724-423f16ddcabd
[2026-07-07 12:53:04.169] [info]  (AppController)    WindowController for 53428401-39e4-4353-8724-423f16ddcabd created and initialized. Total windows: 1
[2026-07-07 12:53:04.282] [debug] (WindowController) Updating view bounds for window 53428401-39e4-4353-8724-423f16ddcabd: {
  bounds: { x: 16, y: 570, width: 1200, height: 800 },
  isMaximized: false,
  width: 1200,
  height: 800
}
[2026-07-07 12:53:04.283] [debug] (WindowController) Set tab content bounds: { x: 0, y: 32, width: 1200, height: 768 }
[2026-07-07 12:53:04.489] [debug] (WindowController) Window 53428401-39e4-4353-8724-423f16ddcabd moved { x: 10, y: 10, width: 956, height: 1050 }
[2026-07-07 12:53:04.492] [debug] (WindowController) Window 53428401-39e4-4353-8724-423f16ddcabd resized { x: 10, y: 10, width: 956, height: 1050 }
[2026-07-07 12:53:04.494] [debug] (WindowController) Updating view bounds for window 53428401-39e4-4353-8724-423f16ddcabd: {
  bounds: { x: 10, y: 10, width: 956, height: 1050 },
  isMaximized: false,
  width: 956,
  height: 1050
}
[2026-07-07 12:53:04.495] [debug] (WindowController) Set tab content bounds: { x: 0, y: 32, width: 956, height: 1018 }
[2026-07-07 12:53:04.497] [debug] (WindowController) Window 53428401-39e4-4353-8724-423f16ddcabd focused
[2026-07-07 12:53:04.620] [debug] (TabController)    Tab b7118ba1-96fc-4cd0-9621-9d863dc4cfd0: Navigated to https://www.notion.so/
[2026-07-07 12:53:04.638] [debug] (TabController)    Tab b7118ba1-96fc-4cd0-9621-9d863dc4cfd0: Title updated to "Notion"
[2026-07-07 12:53:06.027] [debug] (TabController)    Tab b7118ba1-96fc-4cd0-9621-9d863dc4cfd0: In-page navigation to https://www.notion.so/
[2026-07-07 12:53:06.217] [debug] (TabController)    Tab b7118ba1-96fc-4cd0-9621-9d863dc4cfd0: Page loaded
[2026-07-07 12:53:06.220] [debug] (TabController)    Tab b7118ba1-96fc-4cd0-9621-9d863dc4cfd0: Favicon updated
[2026-07-07 12:53:06.480] [debug] (TabController)    Tab b7118ba1-96fc-4cd0-9621-9d863dc4cfd0: Page loading...
[2026-07-07 12:53:06.482] [debug] (TabController)    Tab b7118ba1-96fc-4cd0-9621-9d863dc4cfd0: In-page navigation to https://www.notion.so/7f82100715b64a148aa798369ff2b314?pvs=66
[2026-07-07 12:53:06.507] [debug] (TabController)    Tab b7118ba1-96fc-4cd0-9621-9d863dc4cfd0: Title updated to "Home"
[2026-07-07 12:53:07.317] [debug] (TabController)    Tab b7118ba1-96fc-4cd0-9621-9d863dc4cfd0: Favicon updated
[2026-07-07 12:53:07.338] [debug] (TabController)    Tab b7118ba1-96fc-4cd0-9621-9d863dc4cfd0: Page loading...
[2026-07-07 12:53:07.340] [debug] (TabController)    Tab b7118ba1-96fc-4cd0-9621-9d863dc4cfd0: In-page navigation to https://www.notion.so/myousuf/7f82100715b64a148aa798369ff2b314
[2026-07-07 12:53:07.519] [debug] (WindowController) Window 53428401-39e4-4353-8724-423f16ddcabd lost focus
[2026-07-07 12:53:08.284] [debug] (WindowController) Window 53428401-39e4-4353-8724-423f16ddcabd focused
[2026-07-07 12:53:09.898] [debug] (TabController)    Tab b7118ba1-96fc-4cd0-9621-9d863dc4cfd0: Page loading...
[2026-07-07 12:53:10.242] [debug] (TabController)    Tab b7118ba1-96fc-4cd0-9621-9d863dc4cfd0: Page loading...
[2026-07-07 12:53:11.516] [debug] (TabController)    Tab b7118ba1-96fc-4cd0-9621-9d863dc4cfd0: Page loading...
[2026-07-07 12:53:11.518] [debug] (TabController)    Tab b7118ba1-96fc-4cd0-9621-9d863dc4cfd0: In-page navigation to https://www.notion.so/myousuf/ABDL-credentials-3487e452d36b80939951c26767b298c1?pvs=13
[2026-07-07 12:53:11.538] [debug] (TabController)    Tab b7118ba1-96fc-4cd0-9621-9d863dc4cfd0: Title updated to "ABDL credentials"
[2026-07-07 12:53:11.541] [debug] (TabController)    Tab b7118ba1-96fc-4cd0-9621-9d863dc4cfd0: Page loading...
[2026-07-07 12:53:11.543] [debug] (TabController)    Tab b7118ba1-96fc-4cd0-9621-9d863dc4cfd0: In-page navigation to https://www.notion.so/myousuf/ABDL-credentials-3487e452d36b80939951c26767b298c1
[2026-07-07 12:53:12.027] [debug] (TabController)    Tab b7118ba1-96fc-4cd0-9621-9d863dc4cfd0: Favicon updated
[2026-07-07 12:53:17.594] [debug] (WindowController) Window 53428401-39e4-4353-8724-423f16ddcabd lost focus
[2026-07-07 12:54:27.371] [debug] (WindowController) Window 53428401-39e4-4353-8724-423f16ddcabd focused
[2026-07-07 12:54:27.732] [debug] (WindowController) Window 53428401-39e4-4353-8724-423f16ddcabd lost focus
[2026-07-07 14:27:19.511] [debug] (WindowController) Window 53428401-39e4-4353-8724-423f16ddcabd resized { x: 10, y: 10, width: 956, height: 1076 }
[2026-07-07 14:27:19.515] [debug] (WindowController) Updating view bounds for window 53428401-39e4-4353-8724-423f16ddcabd: {
  bounds: { x: 10, y: 10, width: 956, height: 1076 },
  isMaximized: false,
  width: 956,
  height: 1076
}
[2026-07-07 14:27:19.519] [debug] (WindowController) Set tab content bounds: { x: 0, y: 32, width: 956, height: 1044 }
[2026-07-07 14:27:19.599] [debug] (WindowController) Window 53428401-39e4-4353-8724-423f16ddcabd resized { x: 10, y: 10, width: 956, height: 1050 }
[2026-07-07 14:27:19.605] [debug] (WindowController) Updating view bounds for window 53428401-39e4-4353-8724-423f16ddcabd: {
  bounds: { x: 10, y: 10, width: 956, height: 1050 },
  isMaximized: false,
  width: 956,
  height: 1050
}
[2026-07-07 14:27:19.609] [debug] (WindowController) Set tab content bounds: { x: 0, y: 32, width: 956, height: 1018 }
[2026-07-07 15:55:59.145] [debug] (WindowController) Window 53428401-39e4-4353-8724-423f16ddcabd resized { x: 10, y: 10, width: 1916, height: 1050 }
[2026-07-07 15:55:59.154] [debug] (WindowController) Updating view bounds for window 53428401-39e4-4353-8724-423f16ddcabd: {
  bounds: { x: 10, y: 10, width: 1916, height: 1050 },
  isMaximized: false,
  width: 1916,
  height: 1050
}
[2026-07-07 15:55:59.154] [debug] (WindowController) Set tab content bounds: { x: 0, y: 32, width: 1916, height: 1018 }
[2026-07-07 15:55:59.155] [debug] (WindowController) Window 53428401-39e4-4353-8724-423f16ddcabd focused
[2026-07-07 15:56:04.277] [info]  (WindowController) Window 53428401-39e4-4353-8724-423f16ddcabd closed
[2026-07-07 15:56:04.278] [info]  (AppController)    AppController handling closed window: 53428401-39e4-4353-8724-423f16ddcabd
[2026-07-07 15:56:04.278] [info]  (AppController)    WindowController for 53428401-39e4-4353-8724-423f16ddcabd removed. Remaining windows: 0
[2026-07-07 15:56:04.278] [info]  (AppController)    Last window closed on non-darwin platform, quitting application.
[2026-07-07 15:56:04.278] [info]  (AppController)    App before-quit event triggered in AppController
